Time,Month,EcoregionName,EcoregionIndex,NumSites,ppt,airtemp,avgNPPtc,avgResp,avgNEE,Ndep,StreamN,
5, 7, eco1, 0, 34346, 0.2, 13.5, 20.7, 2.5, -18.19, 0.02, 0, 
5, 7, eco2, 1, 21854, 0.4, 13.3, 23.53, 2.54, -20.98, 0.03, 0, 
5, 7, eco3, 2, 6292, 0.4, 13, 19.12, 2.47, -16.65, 0.04, 0, 
5, 7, eco4, 3, 3541, 0.3, 13.3, 19.04, 2.49, -16.55, 0.03, 0, 
5, 7, eco5, 4, 3017, 0.3, 13.4, 20.55, 3.15, -17.4, 0.03, 0, 
5, 8, eco1, 0, 34346, 0.1, 14.1, 14.82, 1.6, -13.22, 0.01, 0, 
5, 8, eco2, 1, 21854, 0.1, 13.7, 17.79, 1.65, -16.13, 0.01, 0, 
5, 8, eco3, 2, 6292, 0.1, 13.3, 15.86, 1.57, -14.29, 0.01, 0, 
5, 8, eco4, 3, 3541, 0.1, 13.6, 17.84, 1.56, -16.28, 0.01, 0, 
5, 8, eco5, 4, 3017, 0.1, 13.9, 17.24, 1.83, -15.41, 0.01, 0, 
5, 9, eco1, 0, 34346, 0, 12, 7.46, 1.17, -6.29, 0.01, 0, 
5, 9, eco2, 1, 21854, 0, 11.7, 8.57, 1.21, -7.36, 0.01, 0, 
5, 9, eco3, 2, 6292, 0, 11.4, 8.02, 1.12, -6.89, 0.01, 0, 
5, 9, eco4, 3, 3541, 0, 11.6, 9.45, 1.12, -8.33, 0.01, 0, 
5, 9, eco5, 4, 3017, 0, 11.9, 9.27, 1.26, -8.01, 0.01, 0, 
5, 10, eco1, 0, 34346, 0, 7.8, 2.96, 0.84, -2.12, 0.01, 0, 
5, 10, eco2, 1, 21854, 0, 7.5, 3.18, 0.88, -2.3, 0.01, 0, 
5, 10, eco3, 2, 6292, 0, 7.2, 3, 0.81, -2.19, 0.01, 0, 
5, 10, eco4, 3, 3541, 0, 7.4, 2.03, 0.8, -1.23, 0.01, 0, 
5, 10, eco5, 4, 3017, 0, 7.7, 3.19, 0.89, -2.3, 0.01, 0, 
5, 11, eco1, 0, 34346, 1.1, 4.9, 6.96, 1.6, -5.35, 0.09, 0, 
5, 11, eco2, 1, 21854, 1, 4.6, 5.54, 1.55, -3.99, 0.08, 0, 
5, 11, eco3, 2, 6292, 0.8, 4.3, 4.84, 1.3, -3.55, 0.07, 0, 
5, 11, eco4, 3, 3541, 1, 4.4, 1.47, 1.46, -0.02, 0.08, 0, 
5, 11, eco5, 4, 3017, 0.9, 4.8, 4.28, 1.47, -2.82, 0.08, 0, 
5, 12, eco1, 0, 34346, 22.9, -0.7, 0.02, 0.35, 0.33, 1.83, 0, 
5, 12, eco2, 1, 21854, 24.6, -1.2, 0.03, 0.36, 0.33, 1.97, 0, 
5, 12, eco3, 2, 6292, 25.3, -1.6, 0.01, 0.32, 0.31, 2.03, 0, 
5, 12, eco4, 3, 3541, 24.1, -1.3, 0.03, 0.32, 0.29, 1.93, 0, 
5, 12, eco5, 4, 3017, 23.8, -1, 0.01, 0.32, 0.31, 1.91, 0, 
5, 1, eco1, 0, 34346, 31.2, -2.5, 0.01, 0.32, 0.31, 2.5, 0.01, 
5, 1, eco2, 1, 21854, 33.6, -2.9, 0.01, 0.33, 0.32, 2.69, 0.01, 
5, 1, eco3, 2, 6292, 33.4, -3.3, 0.01, 0.3, 0.29, 2.68, 0.01, 
5, 1, eco4, 3, 3541, 32.6, -3, 0.02, 0.29, 0.27, 2.61, 0.01, 
5, 1, eco5, 4, 3017, 31.3, -2.7, 0.01, 0.3, 0.29, 2.51, 0, 
5, 2, eco1, 0, 34346, 3, 0.4, 5.48, 12.14, 6.65, 0.24, 0.17, 
5, 2, eco2, 1, 21854, 3.1, 0.2, 5.51, 12.7, 7.19, 0.25, 0.12, 
5, 2, eco3, 2, 6292, 3, 0, 0.02, 0.37, 0.35, 0.24, 0.04, 
5, 2, eco4, 3, 3541, 2.9, 0.1, 1.3, 11.17, 9.87, 0.24, 0.15, 
5, 2, eco5, 4, 3017, 2.9, 0.4, 3.8, 11.44, 7.64, 0.23, 0.12, 
5, 3, eco1, 0, 34346, 43.8, -1, 0.02, 0.35, 0.33, 3.51, 0.07, 
5, 3, eco2, 1, 21854, 46.6, -1.4, 0.03, 0.36, 0.34, 3.73, 0.08, 
5, 3, eco3, 2, 6292, 46.1, -1.7, 0.01, 0.34, 0.32, 3.69, 0.07, 
5, 3, eco4, 3, 3541, 43.6, -1.4, 0.03, 0.32, 0.29, 3.49, 0.06, 
5, 3, eco5, 4, 3017, 43.3, -1.2, 0.01, 0.33, 0.31, 3.47, 0.07, 
5, 4, eco1, 0, 34346, 12, 1.1, 6.24, 12.59, 6.36, 0.96, 0.21, 
5, 4, eco2, 1, 21854, 13.5, 0.8, 6.09, 13.09, 7, 1.08, 0.16, 
5, 4, eco3, 2, 6292, 13.3, 0.4, 4.27, 12.1, 7.83, 1.07, 0.21, 
5, 4, eco4, 3, 3541, 11.8, 0.7, 1.48, 11.64, 10.16, 0.95, 0.16, 
5, 4, eco5, 4, 3017, 11.6, 1, 4.24, 11.78, 7.54, 0.93, 0.15, 
5, 5, eco1, 0, 34346, 13.1, 4.9, 10.66, 9.45, -1.21, 1.05, 0.1, 
5, 5, eco2, 1, 21854, 15.4, 4.4, 10.49, 9.35, -1.14, 1.24, 0.1, 
5, 5, eco3, 2, 6292, 15.8, 4, 7.42, 8.34, 0.92, 1.27, 0.1, 
5, 5, eco4, 3, 3541, 14.2, 4.5, 2.56, 8.07, 5.51, 1.14, 0.1, 
5, 5, eco5, 4, 3017, 14.1, 4.7, 7.19, 8.23, 1.04, 1.14, 0.09, 
5, 6, eco1, 0, 34346, 2.9, 9.2, 20.89, 19.05, -1.85, 0.24, 0.11, 
5, 6, eco2, 1, 21854, 3.5, 8.8, 20.47, 18.17, -2.3, 0.28, 0.08, 
5, 6, eco3, 2, 6292, 3.5, 8.4, 14.97, 15.58, 0.61, 0.29, 0.1, 
5, 6, eco4, 3, 3541, 3.4, 8.8, 10.87, 16.79, 5.92, 0.27, 0.1, 
5, 6, eco5, 4, 3017, 3.2, 9, 15.85, 16.77, 0.92, 0.26, 0.08, 
10, 7, eco1, 0, 34346, 0.8, 16.7, 26.08, 4.04, -22.04, 0.07, 0, 
10, 7, eco2, 1, 21854, 0.8, 16.5, 31.38, 3.28, -28.09, 0.07, 0, 
10, 7, eco3, 2, 6292, 0.8, 16.3, 27.22, 2.98, -24.24, 0.07, 0, 
10, 7, eco4, 3, 3541, 0.8, 16.5, 27.98, 3.76, -24.22, 0.07, 0, 
10, 7, eco5, 4, 3017, 0.8, 16.7, 27.33, 4.65, -22.68, 0.07, 0, 
10, 8, eco1, 0, 34346, 0.2, 16.2, 16.51, 2.28, -14.23, 0.02, 0, 
10, 8, eco2, 1, 21854, 0.3, 15.8, 21.54, 2.17, -19.38, 0.03, 0, 
10, 8, eco3, 2, 6292, 0.3, 15.5, 19.55, 1.96, -17.58, 0.03, 0, 
10, 8, eco4, 3, 3541, 0.2, 15.8, 23.28, 2.19, -21.09, 0.02, 0, 
10, 8, eco5, 4, 3017, 0.2, 16.1, 20.71, 2.56, -18.14, 0.02, 0, 
10, 9, eco1, 0, 34346, 0.2, 12.3, 9.35, 1.65, -7.7, 0.02, 0, 
10, 9, eco2, 1, 21854, 0.2, 12, 11.96, 1.62, -10.34, 0.02, 0, 
10, 9, eco3, 2, 6292, 0.2, 11.6, 11.17, 1.46, -9.71, 0.02, 0, 
10, 9, eco4, 3, 3541, 0.2, 11.9, 13.66, 1.58, -12.08, 0.02, 0, 
10, 9, eco5, 4, 3017, 0.2, 12.2, 11.51, 1.78, -9.73, 0.02, 0, 
10, 10, eco1, 0, 34346, 0.3, 9.4, 7.02, 1.35, -5.67, 0.03, 0, 
10, 10, eco2, 1, 21854, 0.2, 9.2, 6.67, 1.29, -5.39, 0.02, 0, 
10, 10, eco3, 2, 6292, 0.1, 8.7, 5.83, 1.12, -4.71, 0.02, 0, 
10, 10, eco4, 3, 3541, 0.2, 8.9, 6.97, 1.26, -5.71, 0.02, 0, 
10, 10, eco5, 4, 3017, 0.2, 9.2, 6.66, 1.35, -5.31, 0.02, 0, 
10, 11, eco1, 0, 34346, 18.9, 0.6, 8.89, 12.85, 3.96, 1.51, 0.03, 
10, 11, eco2, 1, 21854, 19.5, 0.1, 7.77, 13.47, 5.7, 1.56, 0.01, 
10, 11, eco3, 2, 6292, 19.1, -0.4, 0.03, 0.37, 0.34, 1.53, 0, 
10, 11, eco4, 3, 3541, 19.7, -0.2, 0.07, 0.37, 0.3, 1.58, 0, 
10, 11, eco5, 4, 3017, 18.7, 0.2, 5.76, 11.82, 6.05, 1.5, 0.01, 
10, 12, eco1, 0, 34346, 12.3, -4, 0.01, 0.31, 0.3, 0.99, 0, 
10, 12, eco2, 1, 21854, 13.3, -4.6, 0.01, 0.32, 0.31, 1.07, 0, 
10, 12, eco3, 2, 6292, 13.6, -5.1, 0, 0.29, 0.28, 1.1, 0, 
10, 12, eco4, 3, 3541, 13.1, -4.8, 0.01, 0.28, 0.27, 1.06, 0, 
10, 12, eco5, 4, 3017, 12.9, -4.4, 0.01, 0.28, 0.28, 1.04, 0, 
10, 1, eco1, 0, 34346, 8.8, -3.1, 0.01, 0.33, 0.32, 0.71, 0, 
10, 1, eco2, 1, 21854, 9.3, -3.6, 0.02, 0.35, 0.33, 0.75, 0, 
10, 1, eco3, 2, 6292, 9.2, -3.9, 0.01, 0.32, 0.31, 0.74, 0, 
10, 1, eco4, 3, 3541, 9.3, -3.7, 0.02, 0.31, 0.28, 0.75, 0.01, 
10, 1, eco5, 4, 3017, 8.9, -3.3, 0.01, 0.31, 0.3, 0.72, 0, 
10, 2, eco1, 0, 34346, 0.3, -0.5, 0.04, 0.39, 0.35, 0.03, 0.01, 
10, 2, eco2, 1, 21854, 0.5, -0.8, 0.05, 0.42, 0.37, 0.04, 0.01, 
10, 2, eco3, 2, 6292, 0.6, -1.2, 0.03, 0.38, 0.35, 0.05, 0.01, 
10, 2, eco4, 3, 3541, 0.5, -0.9, 0.06, 0.37, 0.32, 0.04, 0.01, 
10, 2, eco5, 4, 3017, 0.4, -0.6, 0.03, 0.37, 0.34, 0.04, 0.01, 
10, 3, eco1, 0, 34346, 1.1, 1.6, 10.6, 14.33, 3.73, 0.1, 0.04, 
10, 3, eco2, 1, 21854, 1.2, 1.2, 9.5, 15.11, 5.61, 0.1, 0.02, 
10, 3, eco3, 2, 6292, 1.3, 0.8, 7.04, 13.66, 6.62, 0.11, 0.03, 
10, 3, eco4, 3, 3541, 1.3, 1.1, 2.55, 13.43, 10.89, 0.11, 0.03, 
10, 3, eco5, 4, 3017, 1.3, 1.4, 7.21, 13.39, 6.18, 0.11, 0.03, 
10, 4, eco1, 0, 34346, 3.7, 4.2, 15.28, 14.46, -0.82, 0.3, 0.03, 
10, 4, eco2, 1, 21854, 4.7, 3.9, 14.19, 14.6, 0.41, 0.38, 0.02, 
10, 4, eco3, 2, 6292, 4.9, 3.5, 10.77, 12.41, 1.63, 0.39, 0.02, 
10, 4, eco4, 3, 3541, 4.2, 3.9, 3.86, 13, 9.14, 0.34, 0.02, 
10, 4, eco5, 4, 3017, 4.2, 4.1, 10.62, 11.99, 1.37, 0.34, 0.02, 
10, 5, eco1, 0, 34346, 2.4, 6.6, 19.15, 16.36, -2.79, 0.2, 0.01, 
10, 5, eco2, 1, 21854, 2.6, 6.3, 16.73, 19.37, 2.64, 0.21, 0, 
10, 5, eco3, 2, 6292, 2.6, 6, 13.52, 17.54, 4.02, 0.22, 0.01, 
10, 5, eco4, 3, 3541, 2.7, 6.3, 5.28, 16.89, 11.61, 0.22, 0.01, 
10, 5, eco5, 4, 3017, 2.4, 6.5, 13.3, 16.84, 3.54, 0.2, 0, 
10, 6, eco1, 0, 34346, 1.7, 11.6, 28.44, 10.12, -18.32, 0.14, 0, 
10, 6, eco2, 1, 21854, 1.9, 11.4, 28.26, 9.7, -18.56, 0.16, 0, 
10, 6, eco3, 2, 6292, 1.9, 11, 24.48, 8.89, -15.58, 0.16, 0, 
10, 6, eco4, 3, 3541, 1.8, 11.3, 20.29, 8.43, -11.86, 0.15, 0, 
10, 6, eco5, 4, 3017, 1.7, 11.5, 24.07, 12.42, -11.64, 0.14, 0, 
15, 7, eco1, 0, 34346, 0.8, 15.8, 31.12, 4.36, -26.76, 0.07, 0, 
15, 7, eco2, 1, 21854, 0.9, 15.5, 36.79, 4.04, -32.75, 0.08, 0, 
15, 7, eco3, 2, 6292, 0.9, 15.1, 30.77, 3.64, -27.13, 0.07, 0, 
15, 7, eco4, 3, 3541, 0.8, 15.3, 28.25, 4.68, -23.57, 0.07, 0, 
15, 7, eco5, 4, 3017, 0.8, 15.6, 32.05, 5.13, -26.92, 0.07, 0, 
15, 8, eco1, 0, 34346, 0.3, 13.9, 18.18, 2.57, -15.61, 0.03, 0, 
15, 8, eco2, 1, 21854, 0.3, 13.7, 25.06, 2.56, -22.5, 0.03, 0, 
15, 8, eco3, 2, 6292, 0.4, 13.3, 23.51, 2.3, -21.21, 0.03, 0, 
15, 8, eco4, 3, 3541, 0.3, 13.4, 23.12, 2.7, -20.42, 0.03, 0, 
15, 8, eco5, 4, 3017, 0.3, 13.8, 23.47, 2.93, -20.54, 0.03, 0, 
15, 9, eco1, 0, 34346, 4.5, 8.4, 28.17, 16.79, -11.38, 0.37, 0.01, 
15, 9, eco2, 1, 21854, 6, 8.1, 25.39, 21.87, -3.52, 0.48, 0.01, 
15, 9, eco3, 2, 6292, 6.1, 7.7, 20.52, 19.23, -1.3, 0.49, 0.01, 
15, 9, eco4, 3, 3541, 5.3, 8, 10.29, 18.05, 7.76, 0.43, 0.01, 
15, 9, eco5, 4, 3017, 5.3, 8.3, 21.66, 18.5, -3.16, 0.43, 0.01, 
15, 10, eco1, 0, 34346, 4.8, 5.3, 24.31, 14.3, -10.01, 0.39, 0, 
15, 10, eco2, 1, 21854, 5.4, 5, 21.37, 17.87, -3.5, 0.44, 0, 
15, 10, eco3, 2, 6292, 5.8, 4.6, 16.05, 15.2, -0.85, 0.47, 0, 
15, 10, eco4, 3, 3541, 5.2, 4.8, 6.14, 15.01, 8.87, 0.42, 0, 
15, 10, eco5, 4, 3017, 5.2, 5.1, 16.95, 15.34, -1.62, 0.42, 0, 
15, 11, eco1, 0, 34346, 16.7, -1.3, 0.05, 0.39, 0.35, 1.34, 0, 
15, 11, eco2, 1, 21854, 17.7, -1.8, 0.05, 0.4, 0.35, 1.42, 0, 
15, 11, eco3, 2, 6292, 17.7, -2.2, 0.02, 0.35, 0.32, 1.42, 0, 
15, 11, eco4, 3, 3541, 18.3, -1.9, 0.06, 0.35, 0.28, 1.47, 0, 
15, 11, eco5, 4, 3017, 17.4, -1.6, 0.03, 0.35, 0.32, 1.39, 0, 
15, 12, eco1, 0, 34346, 9.4, -3.1, 0.02, 0.36, 0.34, 0.75, 0, 
15, 12, eco2, 1, 21854, 9.4, -3.2, 0.03, 0.37, 0.35, 0.76, 0, 
15, 12, eco3, 2, 6292, 9.6, -3.1, 0.02, 0.34, 0.32, 0.77, 0, 
15, 12, eco4, 3, 3541, 9.7, -3, 0.05, 0.33, 0.29, 0.78, 0, 
15, 12, eco5, 4, 3017, 9.4, -2.8, 0.02, 0.34, 0.32, 0.76, 0, 
15, 1, eco1, 0, 34346, 2.1, -3.3, 0.02, 0.37, 0.35, 0.17, 0, 
15, 1, eco2, 1, 21854, 2.7, -3.8, 0.02, 0.37, 0.35, 0.22, 0, 
15, 1, eco3, 2, 6292, 2.9, -4.1, 0.01, 0.32, 0.31, 0.24, 0, 
15, 1, eco4, 3, 3541, 2.4, -3.8, 0.03, 0.32, 0.29, 0.2, 0, 
15, 1, eco5, 4, 3017, 2.5, -3.4, 0.01, 0.33, 0.32, 0.2, 0, 
15, 2, eco1, 0, 34346, 6.3, -2.4, 0.03, 0.4, 0.36, 0.51, 0.01, 
15, 2, eco2, 1, 21854, 6.8, -2.8, 0.03, 0.4, 0.37, 0.55, 0.01, 
15, 2, eco3, 2, 6292, 6.7, -3.1, 0.02, 0.35, 0.34, 0.54, 0.01, 
15, 2, eco4, 3, 3541, 6.7, -2.9, 0.05, 0.35, 0.3, 0.54, 0.01, 
15, 2, eco5, 4, 3017, 6.6, -2.5, 0.02, 0.36, 0.34, 0.53, 0, 
15, 3, eco1, 0, 34346, 13.9, -1.9, 0.04, 0.42, 0.38, 1.11, 0.02, 
15, 3, eco2, 1, 21854, 15.8, -2.2, 0.04, 0.43, 0.38, 1.27, 0.02, 
15, 3, eco3, 2, 6292, 16.3, -2.6, 0.02, 0.37, 0.35, 1.31, 0.02, 
15, 3, eco4, 3, 3541, 15, -2.3, 0.06, 0.37, 0.31, 1.21, 0.02, 
15, 3, eco5, 4, 3017, 14.7, -2, 0.03, 0.38, 0.35, 1.18, 0.02, 
15, 4, eco1, 0, 34346, 0.9, 5.1, 24.34, 16.43, -7.91, 0.08, 0.06, 
15, 4, eco2, 1, 21854, 1.3, 5, 21.62, 15.94, -5.68, 0.11, 0.04, 
15, 4, eco3, 2, 6292, 1.2, 4.7, 16.47, 13.05, -3.42, 0.1, 0.05, 
15, 4, eco4, 3, 3541, 1.1, 5, 6.37, 13.48, 7.11, 0.09, 0.05, 
15, 4, eco5, 4, 3017, 1.1, 5.2, 17.47, 14.14, -3.33, 0.1, 0.04, 
15, 5, eco1, 0, 34346, 0, 7.1, 26.54, 16.93, -9.6, 0.01, 0, 
15, 5, eco2, 1, 21854, 0, 6.9, 22.77, 20.46, -2.31, 0.01, 0, 
15, 5, eco3, 2, 6292, 0, 6.6, 18.47, 17.5, -0.97, 0.01, 0, 
15, 5, eco4, 3, 3541, 0, 6.8, 7.48, 16.66, 9.18, 0.01, 0, 
15, 5, eco5, 4, 3017, 0, 7.1, 19.09, 18.17, -0.92, 0.01, 0, 
15, 6, eco1, 0, 34346, 0.7, 13.3, 26.08, 6, -20.08, 0.06, 0, 
15, 6, eco2, 1, 21854, 0.8, 13.1, 29.96, 5.14, -24.82, 0.07, 0, 
15, 6, eco3, 2, 6292, 0.8, 12.7, 27.92, 4.75, -23.17, 0.07, 0, 
15, 6, eco4, 3, 3541, 0.9, 12.9, 23.84, 6.39, -17.45, 0.07, 0, 
15, 6, eco5, 4, 3017, 0.8, 13.2, 26.58, 6.95, -19.63, 0.07, 0, 
20, 7, eco1, 0, 34346, 1.7, 13.6, 32.77, 6.48, -26.29, 0.14, 0, 
20, 7, eco2, 1, 21854, 2.1, 13.4, 37.07, 6.96, -30.11, 0.17, 0, 
20, 7, eco3, 2, 6292, 2.2, 13, 36.69, 6.1, -30.59, 0.18, 0, 
20, 7, eco4, 3, 3541, 1.8, 13.3, 28.6, 7.65, -20.96, 0.15, 0, 
20, 7, eco5, 4, 3017, 1.9, 13.4, 32.71, 7.8, -24.91, 0.16, 0, 
20, 8, eco1, 0, 34346, 0.8, 13.1, 17.26, 3.64, -13.63, 0.07, 0, 
20, 8, eco2, 1, 21854, 0.7, 12.8, 23.31, 3.71, -19.6, 0.06, 0, 
20, 8, eco3, 2, 6292, 0.6, 12.3, 24.53, 3.06, -21.47, 0.05, 0, 
20, 8, eco4, 3, 3541, 0.7, 12.6, 22.57, 4, -18.57, 0.06, 0, 
20, 8, eco5, 4, 3017, 0.7, 12.8, 21.81, 3.92, -17.89, 0.06, 0, 
20, 9, eco1, 0, 34346, 0.1, 12, 8.28, 2.11, -6.18, 0.01, 0, 
20, 9, eco2, 1, 21854, 0, 11.8, 10.47, 2.17, -8.31, 0.01, 0, 
20, 9, eco3, 2, 6292, 0, 11.4, 10.19, 1.81, -8.38, 0.01, 0, 
20, 9, eco4, 3, 3541, 0.1, 11.6, 13.88, 2.16, -11.72, 0.01, 0, 
20, 9, eco5, 4, 3017, 0, 11.8, 11.22, 2.19, -9.04, 0.01, 0, 
20, 10, eco1, 0, 34346, 7.2, 6.4, 35.43, 20.15, -15.29, 0.58, 0.02, 
20, 10, eco2, 1, 21854, 7.5, 6, 30.41, 21, -9.41, 0.61, 0, 
20, 10, eco3, 2, 6292, 8, 5.5, 24.87, 18.49, -6.38, 0.64, 0.01, 
20, 10, eco4, 3, 3541, 7.8, 6, 10.61, 18.07, 7.45, 0.63, 0.01, 
20, 10, eco5, 4, 3017, 7.6, 6.1, 25.72, 18.96, -6.76, 0.62, 0.01, 
20, 11, eco1, 0, 34346, 4, -0.6, 0.08, 0.44, 0.36, 0.33, 0, 
20, 11, eco2, 1, 21854, 5.5, -0.9, 0.09, 0.45, 0.36, 0.45, 0, 
20, 11, eco3, 2, 6292, 6.7, -1.3, 0.05, 0.4, 0.35, 0.54, 0, 
20, 11, eco4, 3, 3541, 5.8, -0.9, 0.13, 0.39, 0.25, 0.47, 0, 
20, 11, eco5, 4, 3017, 5.6, -0.7, 0.06, 0.41, 0.35, 0.45, 0, 
20, 12, eco1, 0, 34346, 19.9, -1.2, 0.07, 0.44, 0.37, 1.6, 0.01, 
20, 12, eco2, 1, 21854, 21.1, -1.6, 0.08, 0.45, 0.37, 1.7, 0.02, 
20, 12, eco3, 2, 6292, 21.7, -2.1, 0.04, 0.39, 0.35, 1.74, 0.02, 
20, 12, eco4, 3, 3541, 21.3, -1.7, 0.11, 0.38, 0.27, 1.71, 0.02, 
20, 12, eco5, 4, 3017, 21.2, -1.5, 0.05, 0.4, 0.35, 1.7, 0.01, 
20, 1, eco1, 0, 34346, 13.8, -5.9, 0.01, 0.34, 0.33, 1.11, 0, 
20, 1, eco2, 1, 21854, 18.4, -6.6, 0.01, 0.34, 0.34, 1.48, 0, 
20, 1, eco3, 2, 6292, 20.9, -7.2, 0, 0.29, 0.29, 1.68, 0, 
20, 1, eco4, 3, 3541, 18, -6.7, 0.01, 0.29, 0.27, 1.44, 0, 
20, 1, eco5, 4, 3017, 17.4, -6.4, 0, 0.3, 0.3, 1.4, 0, 
20, 2, eco1, 0, 34346, 15.8, -3.6, 0.03, 0.4, 0.37, 1.27, 0.02, 
20, 2, eco2, 1, 21854, 18.3, -4, 0.03, 0.41, 0.38, 1.47, 0.03, 
20, 2, eco3, 2, 6292, 19.6, -4.6, 0.01, 0.35, 0.34, 1.58, 0.03, 
20, 2, eco4, 3, 3541, 19, -4.2, 0.05, 0.34, 0.29, 1.53, 0.03, 
20, 2, eco5, 4, 3017, 18.3, -3.9, 0.02, 0.36, 0.34, 1.47, 0.01, 
20, 3, eco1, 0, 34346, 8.3, -0.4, 0.09, 0.5, 0.41, 0.67, 0.03, 
20, 3, eco2, 1, 21854, 10.3, -0.8, 0.1, 0.51, 0.41, 0.83, 0.04, 
20, 3, eco3, 2, 6292, 11.6, -1.4, 0.05, 0.43, 0.39, 0.93, 0.04, 
20, 3, eco4, 3, 3541, 10.3, -1.1, 0.13, 0.42, 0.29, 0.83, 0.04, 
20, 3, eco5, 4, 3017, 10.1, -0.8, 0.06, 0.45, 0.39, 0.81, 0.04, 
20, 4, eco1, 0, 34346, 4.5, 1.9, 21.96, 18.41, -3.56, 0.37, 0.11, 
20, 4, eco2, 1, 21854, 5.4, 1.6, 18.57, 18.82, 0.25, 0.44, 0.07, 
20, 4, eco3, 2, 6292, 5.8, 1.1, 13.94, 16.19, 2.24, 0.47, 0.09, 
20, 4, eco4, 3, 3541, 5.5, 1.4, 5.67, 15.6, 9.93, 0.45, 0.08, 
20, 4, eco5, 4, 3017, 5.3, 1.7, 15.37, 16.71, 1.34, 0.43, 0.08, 
20, 5, eco1, 0, 34346, 5.3, 7.2, 40.03, 22.8, -17.23, 0.43, 0.08, 
20, 5, eco2, 1, 21854, 5.9, 7, 35.2, 21.96, -13.23, 0.48, 0.05, 
20, 5, eco3, 2, 6292, 6.4, 6.4, 27.94, 17.14, -10.79, 0.51, 0.06, 
20, 5, eco4, 3, 3541, 6.2, 6.8, 12.37, 17.34, 4.98, 0.5, 0.05, 
20, 5, eco5, 4, 3017, 6, 7, 29.23, 18.97, -10.26, 0.49, 0.06, 
20, 6, eco1, 0, 34346, 0.4, 10.7, 29.52, 10.55, -18.96, 0.04, 0, 
20, 6, eco2, 1, 21854, 0.3, 10.5, 35.48, 10.06, -25.42, 0.03, 0, 
20, 6, eco3, 2, 6292, 0.3, 10, 32.49, 13.99, -18.5, 0.03, 0, 
20, 6, eco4, 3, 3541, 0.4, 10.4, 19.48, 10.16, -9.32, 0.04, 0, 
20, 6, eco5, 4, 3017, 0.4, 10.5, 30.33, 16.07, -14.26, 0.04, 0, 
25, 7, eco1, 0, 34346, 0.1, 16.2, 21.55, 3.51, -18.04, 0.01, 0, 
25, 7, eco2, 1, 21854, 0.1, 15.8, 30.87, 3.16, -27.72, 0.01, 0, 
25, 7, eco3, 2, 6292, 0.1, 15.4, 32.49, 2.81, -29.67, 0.01, 0, 
25, 7, eco4, 3, 3541, 0.1, 15.7, 27.89, 3.85, -24.05, 0.01, 0, 
25, 7, eco5, 4, 3017, 0.1, 16, 28.88, 4.16, -24.72, 0.01, 0, 
25, 8, eco1, 0, 34346, 0, 15.3, 8.4, 2.24, -6.16, 0.01, 0, 
25, 8, eco2, 1, 21854, 0, 14.8, 11.16, 2.13, -9.03, 0.01, 0, 
25, 8, eco3, 2, 6292, 0, 14.4, 12.18, 1.88, -10.31, 0.01, 0, 
25, 8, eco4, 3, 3541, 0, 14.7, 17.01, 2.22, -14.79, 0.01, 0, 
25, 8, eco5, 4, 3017, 0, 15, 13.76, 2.42, -11.33, 0.01, 0, 
25, 9, eco1, 0, 34346, 2, 11.1, 28.61, 5.22, -23.39, 0.17, 0, 
25, 9, eco2, 1, 21854, 2.7, 10.5, 30.4, 7.61, -22.8, 0.22, 0, 
25, 9, eco3, 2, 6292, 3, 10, 32.93, 7.95, -24.98, 0.25, 0, 
25, 9, eco4, 3, 3541, 2.4, 10.4, 20.56, 6.13, -14.44, 0.2, 0, 
25, 9, eco5, 4, 3017, 2.5, 10.7, 28.06, 6.93, -21.13, 0.2, 0, 
25, 10, eco1, 0, 34346, 2.4, 5.3, 26.24, 9.65, -16.59, 0.19, 0, 
25, 10, eco2, 1, 21854, 2.9, 4.9, 27.36, 14.48, -12.88, 0.24, 0, 
25, 10, eco3, 2, 6292, 3.2, 4.5, 26.06, 13.76, -12.29, 0.26, 0, 
25, 10, eco4, 3, 3541, 2.8, 4.8, 10.86, 11.41, 0.55, 0.23, 0, 
25, 10, eco5, 4, 3017, 2.7, 5.1, 23.06, 12.1, -10.96, 0.22, 0, 
25, 11, eco1, 0, 34346, 21.2, -3.4, 0.04, 0.4, 0.37, 1.7, 0, 
25, 11, eco2, 1, 21854, 23.7, -3.9, 0.04, 0.4, 0.36, 1.9, 0, 
25, 11, eco3, 2, 6292, 24.3, -4.3, 0.02, 0.35, 0.33, 1.95, 0, 
25, 11, eco4, 3, 3541, 22.6, -4, 0.07, 0.31, 0.24, 1.81, 0, 
25, 11, eco5, 4, 3017, 22.4, -3.7, 0.03, 0.35, 0.32, 1.8, 0, 
25, 12, eco1, 0, 34346, 10.2, -3.1, 0.04, 0.42, 0.38, 0.82, 0, 
25, 12, eco2, 1, 21854, 10.7, -3.5, 0.05, 0.42, 0.37, 0.86, 0, 
25, 12, eco3, 2, 6292, 11.4, -3.9, 0.02, 0.37, 0.34, 0.92, 0.01, 
25, 12, eco4, 3, 3541, 10.5, -3.7, 0.08, 0.32, 0.25, 0.85, 0, 
25, 12, eco5, 4, 3017, 10.4, -3.3, 0.03, 0.37, 0.34, 0.84, 0, 
25, 1, eco1, 0, 34346, 3, -1.7, 0.07, 0.47, 0.4, 0.24, 0.01, 
25, 1, eco2, 1, 21854, 3.5, -1.9, 0.08, 0.47, 0.39, 0.28, 0.01, 
25, 1, eco3, 2, 6292, 3.6, -2.2, 0.05, 0.41, 0.37, 0.29, 0.01, 
25, 1, eco4, 3, 3541, 3.3, -2.1, 0.13, 0.36, 0.23, 0.27, 0.01, 
25, 1, eco5, 4, 3017, 3.2, -1.7, 0.06, 0.41, 0.36, 0.26, 0, 
25, 2, eco1, 0, 34346, 14.3, -3, 0.04, 0.45, 0.4, 1.15, 0.02, 
25, 2, eco2, 1, 21854, 15.5, -3.5, 0.05, 0.44, 0.39, 1.25, 0.02, 
25, 2, eco3, 2, 6292, 15.3, -4, 0.02, 0.38, 0.36, 1.23, 0.02, 
25, 2, eco4, 3, 3541, 14.8, -3.7, 0.08, 0.34, 0.26, 1.19, 0.02, 
25, 2, eco5, 4, 3017, 14.5, -3.3, 0.03, 0.38, 0.35, 1.16, 0.02, 
25, 3, eco1, 0, 34346, 2.8, 2.2, 28.17, 14.69, -13.48, 0.23, 0.03, 
25, 3, eco2, 1, 21854, 3.3, 2, 24.73, 14.2, -10.53, 0.27, 0.03, 
25, 3, eco3, 2, 6292, 3.4, 1.8, 20.38, 17.35, -3.03, 0.28, 0.06, 
25, 3, eco4, 3, 3541, 3, 1.9, 8.32, 15.12, 6.79, 0.25, 0.05, 
25, 3, eco5, 4, 3017, 3.1, 2.2, 21.35, 12.32, -9.03, 0.25, 0.03, 
25, 4, eco1, 0, 34346, 2.8, 3.9, 35.13, 18.65, -16.48, 0.23, 0.03, 
25, 4, eco2, 1, 21854, 4.1, 3.5, 30.4, 17.4, -12.99, 0.33, 0.02, 
25, 4, eco3, 2, 6292, 4.4, 3.1, 24.7, 14.41, -10.3, 0.36, 0.02, 
25, 4, eco4, 3, 3541, 3.5, 3.4, 10.43, 13.1, 2.67, 0.29, 0.02, 
25, 4, eco5, 4, 3017, 3.5, 3.7, 25.91, 14.7, -11.21, 0.28, 0.02, 
25, 5, eco1, 0, 34346, 7.9, 7.6, 49.16, 24.76, -24.4, 0.64, 0.06, 
25, 5, eco2, 1, 21854, 9.6, 7.2, 44.19, 24.69, -19.49, 0.77, 0.03, 
25, 5, eco3, 2, 6292, 9.9, 6.9, 37.17, 21.18, -15.99, 0.8, 0.04, 
25, 5, eco4, 3, 3541, 8.5, 7.2, 17.63, 19.31, 1.67, 0.69, 0.03, 
25, 5, eco5, 4, 3017, 8.7, 7.4, 37.82, 21.59, -16.24, 0.7, 0.03, 
25, 6, eco1, 0, 34346, 0, 11.8, 29.17, 5.01, -24.16, 0.01, 0, 
25, 6, eco2, 1, 21854, 0, 11.5, 39.32, 3.96, -35.36, 0.01, 0, 
25, 6, eco3, 2, 6292, 0, 11.1, 40.27, 9.46, -30.81, 0.01, 0, 
25, 6, eco4, 3, 3541, 0, 11.3, 23.31, 3.78, -19.54, 0.01, 0, 
25, 6, eco5, 4, 3017, 0, 11.6, 33.13, 7.62, -25.51, 0.01, 0, 
30, 7, eco1, 0, 34346, 0.3, 15.1, 24.69, 4.29, -20.4, 0.03, 0, 
30, 7, eco2, 1, 21854, 0.2, 14.9, 29.29, 3.11, -26.18, 0.02, 0, 
30, 7, eco3, 2, 6292, 0.1, 14.6, 30.14, 2.81, -27.33, 0.01, 0, 
30, 7, eco4, 3, 3541, 0.2, 14.9, 27.18, 3.05, -24.13, 0.02, 0, 
30, 7, eco5, 4, 3017, 0.2, 15, 28.28, 4.54, -23.74, 0.02, 0, 
30, 8, eco1, 0, 34346, 0.5, 15.5, 12.45, 3.18, -9.27, 0.04, 0, 
30, 8, eco2, 1, 21854, 0.3, 15.1, 13.54, 2.56, -10.98, 0.03, 0, 
30, 8, eco3, 2, 6292, 0.3, 14.6, 14.16, 2.22, -11.94, 0.03, 0, 
30, 8, eco4, 3, 3541, 0.3, 15, 17.75, 2.18, -15.57, 0.03, 0, 
30, 8, eco5, 4, 3017, 0.3, 15.2, 16.08, 3, -13.07, 0.03, 0, 
30, 9, eco1, 0, 34346, 8.1, 11.5, 63.09, 30.44, -32.65, 0.65, 0.03, 
30, 9, eco2, 1, 21854, 9.6, 11.2, 59.59, 32.9, -26.69, 0.77, 0.02, 
30, 9, eco3, 2, 6292, 9.5, 10.8, 54.94, 29.02, -25.92, 0.77, 0.02, 
30, 9, eco4, 3, 3541, 8.8, 11.1, 33.58, 22.25, -11.34, 0.71, 0.02, 
30, 9, eco5, 4, 3017, 8.7, 11.3, 54.31, 28.2, -26.11, 0.7, 0.02, 
30, 10, eco1, 0, 34346, 2.4, 4.7, 30.35, 14.43, -15.92, 0.19, 0, 
30, 10, eco2, 1, 21854, 3.2, 4.2, 34.8, 16.15, -18.64, 0.26, 0, 
30, 10, eco3, 2, 6292, 3.3, 3.7, 29.57, 13.46, -16.11, 0.27, 0, 
30, 10, eco4, 3, 3541, 2.8, 4.1, 12.71, 11.15, -1.55, 0.23, 0, 
30, 10, eco5, 4, 3017, 2.9, 4.4, 28.36, 15.34, -13.02, 0.23, 0, 
30, 11, eco1, 0, 34346, 11.9, 0.5, 26.57, 16.4, -10.17, 0.96, 0, 
30, 11, eco2, 1, 21854, 13.3, 0.1, 21.59, 16.41, -5.18, 1.07, 0, 
30, 11, eco3, 2, 6292, 12.6, -0.3, 0.11, 0.46, 0.35, 1.01, 0, 
30, 11, eco4, 3, 3541, 12.7, 0, 7.89, 11.37, 3.48, 1.02, 0, 
30, 11, eco5, 4, 3017, 12.1, 0.3, 19.27, 14.42, -4.85, 0.97, 0, 
30, 12, eco1, 0, 34346, 6.9, -3.4, 0.05, 0.41, 0.36, 0.56, 0, 
30, 12, eco2, 1, 21854, 6.9, -3.8, 0.05, 0.41, 0.36, 0.56, 0, 
30, 12, eco3, 2, 6292, 6.4, -4.2, 0.03, 0.38, 0.35, 0.52, 0, 
30, 12, eco4, 3, 3541, 7, -4, 0.09, 0.28, 0.19, 0.57, 0, 
30, 12, eco5, 4, 3017, 6.6, -3.7, 0.04, 0.36, 0.32, 0.53, 0, 
30, 1, eco1, 0, 34346, 20.5, -1.7, 0.1, 0.47, 0.37, 1.65, 0, 
30, 1, eco2, 1, 21854, 22.5, -2.2, 0.1, 0.46, 0.37, 1.8, 0.02, 
30, 1, eco3, 2, 6292, 22.1, -2.7, 0.05, 0.43, 0.37, 1.78, 0.01, 
30, 1, eco4, 3, 3541, 21.1, -2.3, 0.17, 0.32, 0.15, 1.69, 0.02, 
30, 1, eco5, 4, 3017, 20.8, -2, 0.07, 0.41, 0.34, 1.67, 0, 
30, 2, eco1, 0, 34346, 28.5, -3.4, 0.05, 0.43, 0.38, 2.28, 0, 
30, 2, eco2, 1, 21854, 31.5, -3.7, 0.05, 0.44, 0.38, 2.53, 0.01, 
30, 2, eco3, 2, 6292, 31, -4, 0.03, 0.4, 0.37, 2.49, 0, 
30, 2, eco4, 3, 3541, 30, -3.8, 0.1, 0.3, 0.2, 2.4, 0.01, 
30, 2, eco5, 4, 3017, 29.3, -3.5, 0.04, 0.38, 0.34, 2.35, 0.01, 
30, 3, eco1, 0, 34346, 16.3, -0.1, 0.15, 0.54, 0.39, 1.31, 0.06, 
30, 3, eco2, 1, 21854, 18.5, -0.5, 0.17, 0.55, 0.37, 1.48, 0.08, 
30, 3, eco3, 2, 6292, 18.6, -0.8, 0.1, 0.5, 0.41, 1.49, 0.07, 
30, 3, eco4, 3, 3541, 16.8, -0.5, 0.27, 0.37, 0.1, 1.35, 0.06, 
30, 3, eco5, 4, 3017, 17.1, -0.3, 0.11, 0.48, 0.36, 1.37, 0.07, 
30, 4, eco1, 0, 34346, 2.9, 1.2, 29.82, 18.94, -10.88, 0.24, 0.09, 
30, 4, eco2, 1, 21854, 3, 0.9, 25.37, 19.19, -6.18, 0.24, 0.07, 
30, 4, eco3, 2, 6292, 2.8, 0.6, 20.64, 17.65, -2.98, 0.23, 0.07, 
30, 4, eco4, 3, 3541, 3, 0.9, 9.36, 13.04, 3.68, 0.24, 0.06, 
30, 4, eco5, 4, 3017, 2.8, 1.1, 22.49, 16.85, -5.64, 0.23, 0.07, 
30, 5, eco1, 0, 34346, 8.9, 3.1, 40.62, 16.04, -24.57, 0.72, 0.04, 
30, 5, eco2, 1, 21854, 12.2, 3.1, 35.69, 15.52, -20.17, 0.98, 0.05, 
30, 5, eco3, 2, 6292, 12.7, 2.9, 29.88, 14.29, -15.59, 1.02, 0.05, 
30, 5, eco4, 3, 3541, 11.1, 3.1, 13.3, 9.81, -3.49, 0.89, 0.04, 
30, 5, eco5, 4, 3017, 10.9, 3.2, 31.22, 13.57, -17.65, 0.88, 0.04, 
30, 6, eco1, 0, 34346, 7.6, 9.3, 68.77, 27.33, -41.44, 0.61, 0.1, 
30, 6, eco2, 1, 21854, 8.2, 9.2, 61.93, 27.17, -34.76, 0.66, 0.07, 
30, 6, eco3, 2, 6292, 8.4, 9, 53.77, 24.69, -29.08, 0.68, 0.08, 
30, 6, eco4, 3, 3541, 7.6, 9.2, 29.81, 18.31, -11.49, 0.61, 0.08, 
30, 6, eco5, 4, 3017, 8, 9.4, 54.77, 23.89, -30.88, 0.65, 0.07, 
35, 7, eco1, 0, 34346, 1.7, 13.6, 43.71, 4.99, -38.72, 0.14, 0, 
35, 7, eco2, 1, 21854, 2.1, 13.4, 44.44, 3.82, -40.62, 0.17, 0, 
35, 7, eco3, 2, 6292, 2.2, 13, 40.27, 3.42, -36.85, 0.18, 0, 
35, 7, eco4, 3, 3541, 1.8, 13.3, 26.59, 2.38, -24.21, 0.15, 0, 
35, 7, eco5, 4, 3017, 1.9, 13.4, 47.23, 7, -40.23, 0.16, 0, 
35, 8, eco1, 0, 34346, 0.8, 13.1, 18.86, 3.24, -15.62, 0.07, 0, 
35, 8, eco2, 1, 21854, 0.7, 12.8, 20.55, 2.12, -18.43, 0.06, 0, 
35, 8, eco3, 2, 6292, 0.6, 12.3, 20.71, 1.9, -18.8, 0.05, 0, 
35, 8, eco4, 3, 3541, 0.7, 12.6, 18.76, 1.39, -17.37, 0.06, 0, 
35, 8, eco5, 4, 3017, 0.7, 12.8, 25.13, 3.73, -21.4, 0.06, 0, 
35, 9, eco1, 0, 34346, 0.1, 12, 8.74, 2.03, -6.71, 0.01, 0, 
35, 9, eco2, 1, 21854, 0, 11.8, 7.17, 1.56, -5.61, 0.01, 0, 
35, 9, eco3, 2, 6292, 0, 11.4, 6.95, 1.39, -5.56, 0.01, 0, 
35, 9, eco4, 3, 3541, 0.1, 11.6, 7.75, 0.99, -6.76, 0.01, 0, 
35, 9, eco5, 4, 3017, 0, 11.8, 12.47, 2.18, -10.29, 0.01, 0, 
35, 10, eco1, 0, 34346, 7.2, 6.4, 58.94, 23.67, -35.27, 0.58, 0, 
35, 10, eco2, 1, 21854, 7.5, 6, 52.01, 24.05, -27.96, 0.61, 0, 
35, 10, eco3, 2, 6292, 8, 5.5, 45.1, 22.12, -22.98, 0.64, 0, 
35, 10, eco4, 3, 3541, 7.8, 6, 23.19, 15.1, -8.09, 0.63, 0, 
35, 10, eco5, 4, 3017, 7.6, 6.1, 45.62, 21.62, -24, 0.62, 0, 
35, 11, eco1, 0, 34346, 4, -0.6, 0.17, 0.54, 0.37, 0.33, 0, 
35, 11, eco2, 1, 21854, 5.5, -0.9, 0.18, 0.54, 0.36, 0.45, 0, 
35, 11, eco3, 2, 6292, 6.7, -1.3, 0.1, 0.49, 0.39, 0.54, 0, 
35, 11, eco4, 3, 3541, 5.8, -0.9, 0.32, 0.34, 0.02, 0.47, 0, 
35, 11, eco5, 4, 3017, 5.6, -0.7, 0.13, 0.47, 0.34, 0.45, 0, 
35, 12, eco1, 0, 34346, 19.9, -1.2, 0.14, 0.54, 0.4, 1.6, 0, 
35, 12, eco2, 1, 21854, 21.1, -1.6, 0.15, 0.53, 0.39, 1.7, 0.02, 
35, 12, eco3, 2, 6292, 21.7, -2.1, 0.08, 0.48, 0.4, 1.74, 0.02, 
35, 12, eco4, 3, 3541, 21.3, -1.7, 0.26, 0.33, 0.07, 1.71, 0.02, 
35, 12, eco5, 4, 3017, 21.2, -1.5, 0.1, 0.47, 0.36, 1.7, 0, 
35, 1, eco1, 0, 34346, 13.8, -5.9, 0.01, 0.42, 0.41, 1.11, 0, 
35, 1, eco2, 1, 21854, 18.4, -6.6, 0.01, 0.41, 0.4, 1.48, 0, 
35, 1, eco3, 2, 6292, 20.9, -7.2, 0, 0.36, 0.36, 1.68, 0, 
35, 1, eco4, 3, 3541, 18, -6.7, 0.04, 0.25, 0.22, 1.44, 0, 
35, 1, eco5, 4, 3017, 17.4, -6.4, 0.01, 0.36, 0.35, 1.4, 0, 
35, 2, eco1, 0, 34346, 15.8, -3.6, 0.06, 0.5, 0.44, 1.27, 0.02, 
35, 2, eco2, 1, 21854, 18.3, -4, 0.06, 0.49, 0.43, 1.47, 0.03, 
35, 2, eco3, 2, 6292, 19.6, -4.6, 0.02, 0.44, 0.41, 1.58, 0.03, 
35, 2, eco4, 3, 3541, 19, -4.2, 0.11, 0.3, 0.19, 1.53, 0.03, 
35, 2, eco5, 4, 3017, 18.3, -3.9, 0.04, 0.43, 0.39, 1.47, 0.01, 
35, 3, eco1, 0, 34346, 8.3, -0.4, 0.17, 0.62, 0.45, 0.67, 0.03, 
35, 3, eco2, 1, 21854, 10.3, -0.8, 0.19, 0.62, 0.42, 0.83, 0.04, 
35, 3, eco3, 2, 6292, 11.6, -1.4, 0.1, 0.54, 0.45, 0.93, 0.04, 
35, 3, eco4, 3, 3541, 10.3, -1.1, 0.3, 0.37, 0.07, 0.83, 0.04, 
35, 3, eco5, 4, 3017, 10.1, -0.8, 0.13, 0.53, 0.41, 0.81, 0.04, 
35, 4, eco1, 0, 34346, 4.5, 1.9, 41.76, 23.29, -18.48, 0.37, 0.06, 
35, 4, eco2, 1, 21854, 5.4, 1.6, 34.08, 23.01, -11.08, 0.44, 0.06, 
35, 4, eco3, 2, 6292, 5.8, 1.1, 26.02, 20.35, -5.68, 0.47, 0.08, 
35, 4, eco4, 3, 3541, 5.5, 1.4, 13.09, 13.8, 0.71, 0.45, 0.06, 
35, 4, eco5, 4, 3017, 5.3, 1.7, 30.26, 20.07, -10.18, 0.43, 0.06, 
35, 5, eco1, 0, 34346, 5.3, 7.2, 71.6, 29, -42.61, 0.43, 0.05, 
35, 5, eco2, 1, 21854, 5.9, 7, 62.43, 27.2, -35.23, 0.48, 0.05, 
35, 5, eco3, 2, 6292, 6.4, 6.4, 51.22, 22.36, -28.86, 0.51, 0.06, 
35, 5, eco4, 3, 3541, 6.2, 6.8, 27.09, 15.04, -12.05, 0.5, 0.05, 
35, 5, eco5, 4, 3017, 6, 7, 55.2, 23.18, -32.02, 0.49, 0.05, 
35, 6, eco1, 0, 34346, 0.4, 10.7, 36.66, 13.27, -23.39, 0.04, 0, 
35, 6, eco2, 1, 21854, 0.3, 10.5, 49.09, 12.13, -36.96, 0.03, 0, 
35, 6, eco3, 2, 6292, 0.3, 10, 50.57, 17.59, -32.98, 0.03, 0, 
35, 6, eco4, 3, 3541, 0.4, 10.4, 29.68, 8.84, -20.84, 0.04, 0, 
35, 6, eco5, 4, 3017, 0.4, 10.5, 41.74, 19.04, -22.7, 0.04, 0, 
40, 7, eco1, 0, 34346, 0.8, 16.7, 25.93, 6.7, -19.23, 0.07, 0, 
40, 7, eco2, 1, 21854, 0.8, 16.5, 37.1, 5.9, -31.19, 0.07, 0, 
40, 7, eco3, 2, 6292, 0.8, 16.3, 39.76, 5.27, -34.48, 0.07, 0, 
40, 7, eco4, 3, 3541, 0.8, 16.5, 31.57, 5.14, -26.42, 0.07, 0, 
40, 7, eco5, 4, 3017, 0.8, 16.7, 33.4, 7.34, -26.07, 0.07, 0, 
40, 8, eco1, 0, 34346, 0.2, 16.2, 11.76, 3.88, -7.88, 0.02, 0, 
40, 8, eco2, 1, 21854, 0.3, 15.8, 15.23, 3.76, -11.48, 0.03, 0, 
40, 8, eco3, 2, 6292, 0.3, 15.5, 16.78, 3.38, -13.41, 0.03, 0, 
40, 8, eco4, 3, 3541, 0.2, 15.8, 18.65, 2.81, -15.84, 0.02, 0, 
40, 8, eco5, 4, 3017, 0.2, 16.1, 18.17, 4.03, -14.14, 0.02, 0, 
40, 9, eco1, 0, 34346, 0.2, 12.3, 8.9, 2.84, -6.06, 0.02, 0, 
40, 9, eco2, 1, 21854, 0.2, 12, 10.73, 2.79, -7.94, 0.02, 0, 
40, 9, eco3, 2, 6292, 0.2, 11.6, 10.37, 2.49, -7.88, 0.02, 0, 
40, 9, eco4, 3, 3541, 0.2, 11.9, 10.21, 1.98, -8.23, 0.02, 0, 
40, 9, eco5, 4, 3017, 0.2, 12.2, 12.15, 2.83, -9.31, 0.02, 0, 
40, 10, eco1, 0, 34346, 0.3, 9.4, 10.52, 2.37, -8.15, 0.03, 0, 
40, 10, eco2, 1, 21854, 0.2, 9.2, 9.72, 2.19, -7.53, 0.02, 0, 
40, 10, eco3, 2, 6292, 0.1, 8.7, 8.62, 1.91, -6.71, 0.02, 0, 
40, 10, eco4, 3, 3541, 0.2, 8.9, 8.08, 1.54, -6.54, 0.02, 0, 
40, 10, eco5, 4, 3017, 0.2, 9.2, 9.77, 2.17, -7.6, 0.02, 0, 
40, 11, eco1, 0, 34346, 18.9, 0.6, 37.64, 23.41, -14.23, 1.51, 0.01, 
40, 11, eco2, 1, 21854, 19.5, 0.1, 29.06, 22.23, -6.83, 1.56, 0.01, 
40, 11, eco3, 2, 6292, 19.1, -0.4, 0.14, 0.62, 0.47, 1.53, 0, 
40, 11, eco4, 3, 3541, 19.7, -0.2, 0.45, 0.42, -0.04, 1.58, 0, 
40, 11, eco5, 4, 3017, 18.7, 0.2, 26.23, 19.41, -6.81, 1.5, 0, 
40, 12, eco1, 0, 34346, 12.3, -4, 0.06, 0.55, 0.49, 0.99, 0, 
40, 12, eco2, 1, 21854, 13.3, -4.6, 0.05, 0.52, 0.47, 1.07, 0, 
40, 12, eco3, 2, 6292, 13.6, -5.1, 0.02, 0.48, 0.46, 1.1, 0, 
40, 12, eco4, 3, 3541, 13.1, -4.8, 0.11, 0.32, 0.22, 1.06, 0, 
40, 12, eco5, 4, 3017, 12.9, -4.4, 0.04, 0.46, 0.42, 1.04, 0, 
40, 1, eco1, 0, 34346, 8.8, -3.1, 0.08, 0.6, 0.51, 0.71, 0, 
40, 1, eco2, 1, 21854, 9.3, -3.6, 0.09, 0.57, 0.49, 0.75, 0, 
40, 1, eco3, 2, 6292, 9.2, -3.9, 0.04, 0.53, 0.49, 0.74, 0, 
40, 1, eco4, 3, 3541, 9.3, -3.7, 0.16, 0.35, 0.19, 0.75, 0.01, 
40, 1, eco5, 4, 3017, 8.9, -3.3, 0.06, 0.5, 0.44, 0.72, 0, 
40, 2, eco1, 0, 34346, 0.3, -0.5, 0.2, 0.72, 0.52, 0.03, 0.01, 
40, 2, eco2, 1, 21854, 0.5, -0.8, 0.22, 0.69, 0.48, 0.04, 0.01, 
40, 2, eco3, 2, 6292, 0.6, -1.2, 0.12, 0.64, 0.52, 0.05, 0.01, 
40, 2, eco4, 3, 3541, 0.5, -0.9, 0.38, 0.43, 0.04, 0.04, 0.01, 
40, 2, eco5, 4, 3017, 0.4, -0.6, 0.16, 0.61, 0.46, 0.04, 0.01, 
40, 3, eco1, 0, 34346, 1.1, 1.6, 44.21, 26.38, -17.83, 0.1, 0.03, 
40, 3, eco2, 1, 21854, 1.2, 1.2, 35.36, 25.28, -10.08, 0.1, 0.02, 
40, 3, eco3, 2, 6292, 1.3, 0.8, 27.2, 23.13, -4.08, 0.11, 0.02, 
40, 3, eco4, 3, 3541, 1.3, 1.1, 14.75, 15.54, 0.79, 0.11, 0.02, 
40, 3, eco5, 4, 3017, 1.3, 1.4, 32.46, 22.31, -10.15, 0.11, 0.02, 
40, 4, eco1, 0, 34346, 3.7, 4.2, 52.19, 27.64, -24.55, 0.3, 0.01, 
40, 4, eco2, 1, 21854, 4.7, 3.9, 47.98, 25.85, -22.13, 0.38, 0.01, 
40, 4, eco3, 2, 6292, 4.9, 3.5, 40.15, 22.88, -17.27, 0.39, 0.02, 
40, 4, eco4, 3, 3541, 4.2, 3.9, 21.24, 15.55, -5.69, 0.34, 0.01, 
40, 4, eco5, 4, 3017, 4.2, 4.1, 41.59, 21.83, -19.75, 0.34, 0.01, 
40, 5, eco1, 0, 34346, 2.4, 6.6, 47.6, 29.64, -17.96, 0.2, 0, 
40, 5, eco2, 1, 21854, 2.6, 6.3, 46.91, 32.03, -14.88, 0.21, 0, 
40, 5, eco3, 2, 6292, 2.6, 6, 44.69, 29.37, -15.32, 0.22, 0, 
40, 5, eco4, 3, 3541, 2.7, 6.3, 24.64, 19.36, -5.27, 0.22, 0, 
40, 5, eco5, 4, 3017, 2.4, 6.5, 39.11, 27.5, -11.6, 0.2, 0, 
40, 6, eco1, 0, 34346, 1.7, 11.6, 41.34, 18.13, -23.21, 0.14, 0, 
40, 6, eco2, 1, 21854, 1.9, 11.4, 44.88, 15.81, -29.07, 0.16, 0, 
40, 6, eco3, 2, 6292, 1.9, 11, 45.62, 14.88, -30.75, 0.16, 0, 
40, 6, eco4, 3, 3541, 1.8, 11.3, 32.22, 9.61, -22.61, 0.15, 0, 
40, 6, eco5, 4, 3017, 1.7, 11.5, 38.31, 19.89, -18.43, 0.14, 0, 
45, 7, eco1, 0, 34346, 0, 15.2, 12.21, 4.53, -7.68, 0.01, 0, 
45, 7, eco2, 1, 21854, 0.1, 15.1, 13.51, 4.06, -9.45, 0.01, 0, 
45, 7, eco3, 2, 6292, 0.1, 14.9, 14.24, 3.75, -10.49, 0.01, 0, 
45, 7, eco4, 3, 3541, 0.1, 15, 15.72, 2.96, -12.76, 0.01, 0, 
45, 7, eco5, 4, 3017, 0.1, 15.3, 16.51, 4.53, -11.97, 0.01, 0, 
45, 8, eco1, 0, 34346, 0.1, 16.4, 9.3, 3.55, -5.76, 0.02, 0, 
45, 8, eco2, 1, 21854, 0.3, 16.3, 12.14, 3.61, -8.54, 0.03, 0, 
45, 8, eco3, 2, 6292, 0.4, 16, 11.72, 3.33, -8.39, 0.04, 0, 
45, 8, eco4, 3, 3541, 0.1, 16.3, 9.76, 2.2, -7.56, 0.02, 0, 
45, 8, eco5, 4, 3017, 0.2, 16.5, 12.97, 3.36, -9.61, 0.02, 0, 
45, 9, eco1, 0, 34346, 1.7, 13.4, 28.46, 6.27, -22.2, 0.14, 0, 
45, 9, eco2, 1, 21854, 2, 13.2, 28.81, 7.38, -21.44, 0.17, 0, 
45, 9, eco3, 2, 6292, 2.2, 12.9, 29.12, 7.19, -21.93, 0.18, 0, 
45, 9, eco4, 3, 3541, 2, 13.1, 24.22, 4.45, -19.77, 0.16, 0, 
45, 9, eco5, 4, 3017, 2, 13.4, 29.14, 6.59, -22.55, 0.16, 0, 
45, 10, eco1, 0, 34346, 10.6, 4.3, 68.19, 32.86, -35.34, 0.85, 0.01, 
45, 10, eco2, 1, 21854, 10.9, 4, 56.93, 31.54, -25.39, 0.88, 0, 
45, 10, eco3, 2, 6292, 11.5, 3.6, 43.96, 27.61, -16.35, 0.92, 0.01, 
45, 10, eco4, 3, 3541, 11.2, 3.9, 25.73, 18.52, -7.21, 0.9, 0, 
45, 10, eco5, 4, 3017, 11, 4.2, 51.84, 27.72, -24.11, 0.88, 0.01, 
45, 11, eco1, 0, 34346, 32.6, 1.8, 53.38, 27.06, -26.32, 2.62, 0.09, 
45, 11, eco2, 1, 21854, 34.1, 1.5, 42.37, 26.09, -16.28, 2.74, 0.07, 
45, 11, eco3, 2, 6292, 34.9, 1.2, 31.16, 23.14, -8.02, 2.8, 0.07, 
45, 11, eco4, 3, 3541, 35, 1.5, 18.49, 15.41, -3.08, 2.81, 0.07, 
45, 11, eco5, 4, 3017, 33.6, 1.8, 39.61, 22.97, -16.65, 2.69, 0.07, 
45, 12, eco1, 0, 34346, 26.1, 0.5, 42.49, 24.3, -18.19, 2.1, 0.08, 
45, 12, eco2, 1, 21854, 26.7, 0.2, 33.47, 23.54, -9.93, 2.14, 0.07, 
45, 12, eco3, 2, 6292, 28.2, -0.2, 0.17, 0.66, 0.49, 2.26, 0.05, 
45, 12, eco4, 3, 3541, 29.3, 0.2, 14.69, 13.96, -0.73, 2.35, 0.07, 
45, 12, eco5, 4, 3017, 27.6, 0.5, 31.53, 20.72, -10.81, 2.21, 0.08, 
45, 1, eco1, 0, 34346, 17.2, -0.8, 0.21, 0.7, 0.49, 1.38, 0.04, 
45, 1, eco2, 1, 21854, 19, -1, 0.23, 0.68, 0.45, 1.52, 0.05, 
45, 1, eco3, 2, 6292, 20.5, -1.4, 0.12, 0.63, 0.51, 1.64, 0.05, 
45, 1, eco4, 3, 3541, 19.8, -1.1, 0.43, 0.4, -0.03, 1.59, 0.05, 
45, 1, eco5, 4, 3017, 19.2, -0.9, 0.17, 0.6, 0.43, 1.54, 0.05, 
45, 2, eco1, 0, 34346, 5.2, -1.6, 0.17, 0.69, 0.52, 0.42, 0.02, 
45, 2, eco2, 1, 21854, 6, -1.8, 0.19, 0.67, 0.49, 0.49, 0.03, 
45, 2, eco3, 2, 6292, 6.6, -2.3, 0.09, 0.62, 0.53, 0.54, 0.03, 
45, 2, eco4, 3, 3541, 6.3, -2, 0.34, 0.39, 0.06, 0.51, 0.03, 
45, 2, eco5, 4, 3017, 6.1, -1.8, 0.13, 0.58, 0.46, 0.49, 0.03, 
45, 3, eco1, 0, 34346, 10.7, -0.4, 0.24, 0.76, 0.52, 0.86, 0.02, 
45, 3, eco2, 1, 21854, 12, -0.7, 0.26, 0.74, 0.48, 0.96, 0.03, 
45, 3, eco3, 2, 6292, 12.8, -1.2, 0.13, 0.68, 0.55, 1.03, 0.03, 
45, 3, eco4, 3, 3541, 12, -0.8, 0.46, 0.43, -0.03, 0.96, 0.03, 
45, 3, eco5, 4, 3017, 12, -0.6, 0.18, 0.65, 0.47, 0.96, 0.03, 
45, 4, eco1, 0, 34346, 3.6, 4.2, 73.48, 26.59, -46.89, 0.3, 0.04, 
45, 4, eco2, 1, 21854, 4.6, 4, 59.99, 24.71, -35.28, 0.38, 0.04, 
45, 4, eco3, 2, 6292, 5.1, 3.5, 44.58, 22.47, -22.12, 0.41, 0.05, 
45, 4, eco4, 3, 3541, 4.3, 3.8, 26.01, 13.51, -12.5, 0.35, 0.04, 
45, 4, eco5, 4, 3017, 4.4, 4, 54.32, 21.56, -32.76, 0.35, 0.04, 
45, 5, eco1, 0, 34346, 6.3, 6.7, 81.44, 35.76, -45.68, 0.51, 0.03, 
45, 5, eco2, 1, 21854, 6.6, 6.4, 70.95, 34.51, -36.44, 0.54, 0.02, 
45, 5, eco3, 2, 6292, 7, 5.8, 56, 30.18, -25.82, 0.56, 0.03, 
45, 5, eco4, 3, 3541, 7.1, 6.2, 33.29, 19.57, -13.72, 0.57, 0.03, 
45, 5, eco5, 4, 3017, 6.6, 6.4, 63.29, 28.9, -34.39, 0.54, 0.02, 
45, 6, eco1, 0, 34346, 0.2, 13.2, 34.49, 22.26, -12.24, 0.02, 0, 
45, 6, eco2, 1, 21854, 0.4, 13.1, 47.45, 21.5, -25.95, 0.03, 0, 
45, 6, eco3, 2, 6292, 0.4, 12.7, 52.28, 27.49, -24.79, 0.04, 0, 
45, 6, eco4, 3, 3541, 0.2, 13, 34.07, 13.54, -20.53, 0.02, 0, 
45, 6, eco5, 4, 3017, 0.2, 13.2, 38.93, 28.75, -10.17, 0.02, 0, 
50, 7, eco1, 0, 34346, 0.8, 16.7, 17.77, 6.05, -11.72, 0.07, 0, 
50, 7, eco2, 1, 21854, 0.8, 16.5, 21.59, 5.68, -15.9, 0.07, 0, 
50, 7, eco3, 2, 6292, 0.8, 16.3, 27.37, 7.51, -19.87, 0.07, 0, 
50, 7, eco4, 3, 3541, 0.8, 16.5, 20.42, 3.49, -16.93, 0.07, 0, 
50, 7, eco5, 4, 3017, 0.8, 16.7, 23.14, 6.85, -16.3, 0.07, 0, 
50, 8, eco1, 0, 34346, 0.2, 16.2, 10.59, 3.92, -6.67, 0.02, 0, 
50, 8, eco2, 1, 21854, 0.3, 15.8, 13.21, 4.01, -9.21, 0.03, 0, 
50, 8, eco3, 2, 6292, 0.3, 15.5, 14.94, 4.55, -10.39, 0.03, 0, 
50, 8, eco4, 3, 3541, 0.2, 15.8, 12.07, 2.36, -9.7, 0.02, 0, 
50, 8, eco5, 4, 3017, 0.2, 16.1, 15.18, 4.18, -11, 0.02, 0, 
50, 9, eco1, 0, 34346, 0.2, 12.3, 8.95, 3, -5.95, 0.02, 0, 
50, 9, eco2, 1, 21854, 0.2, 12, 10.9, 3.08, -7.82, 0.02, 0, 
50, 9, eco3, 2, 6292, 0.2, 11.6, 10.48, 3.28, -7.21, 0.02, 0, 
50, 9, eco4, 3, 3541, 0.2, 11.9, 8, 1.8, -6.2, 0.02, 0, 
50, 9, eco5, 4, 3017, 0.2, 12.2, 11.32, 3.05, -8.27, 0.02, 0, 
50, 10, eco1, 0, 34346, 0.3, 9.4, 9.53, 2.61, -6.91, 0.03, 0, 
50, 10, eco2, 1, 21854, 0.2, 9.2, 10.44, 2.51, -7.93, 0.02, 0, 
50, 10, eco3, 2, 6292, 0.1, 8.7, 8.83, 2.46, -6.38, 0.02, 0, 
50, 10, eco4, 3, 3541, 0.2, 8.9, 7.32, 1.51, -5.81, 0.02, 0, 
50, 10, eco5, 4, 3017, 0.2, 9.2, 9.68, 2.43, -7.25, 0.02, 0, 
50, 11, eco1, 0, 34346, 18.9, 0.6, 47.2, 29.44, -17.75, 1.51, 0.02, 
50, 11, eco2, 1, 21854, 19.5, 0.1, 35.49, 28.22, -7.27, 1.56, 0.01, 
50, 11, eco3, 2, 6292, 19.1, -0.4, 0.17, 0.75, 0.58, 1.53, 0, 
50, 11, eco4, 3, 3541, 19.7, -0.2, 0.62, 0.51, -0.11, 1.58, 0, 
50, 11, eco5, 4, 3017, 18.7, 0.2, 32.91, 24.38, -8.53, 1.5, 0.01, 
50, 12, eco1, 0, 34346, 12.3, -4, 0.07, 0.69, 0.62, 0.99, 0, 
50, 12, eco2, 1, 21854, 13.3, -4.6, 0.06, 0.66, 0.6, 1.07, 0, 
50, 12, eco3, 2, 6292, 13.6, -5.1, 0.02, 0.58, 0.56, 1.1, 0, 
50, 12, eco4, 3, 3541, 13.1, -4.8, 0.14, 0.39, 0.25, 1.06, 0, 
50, 12, eco5, 4, 3017, 12.9, -4.4, 0.04, 0.57, 0.53, 1.04, 0, 
50, 1, eco1, 0, 34346, 8.8, -3.1, 0.11, 0.75, 0.64, 0.71, 0, 
50, 1, eco2, 1, 21854, 9.3, -3.6, 0.11, 0.72, 0.61, 0.75, 0, 
50, 1, eco3, 2, 6292, 9.2, -3.9, 0.05, 0.64, 0.59, 0.74, 0.01, 
50, 1, eco4, 3, 3541, 9.3, -3.7, 0.23, 0.43, 0.21, 0.75, 0, 
50, 1, eco5, 4, 3017, 8.9, -3.3, 0.08, 0.63, 0.55, 0.72, 0, 
50, 2, eco1, 0, 34346, 0.3, -0.5, 0.25, 0.9, 0.64, 0.03, 0.01, 
50, 2, eco2, 1, 21854, 0.5, -0.8, 0.27, 0.87, 0.6, 0.04, 0.01, 
50, 2, eco3, 2, 6292, 0.6, -1.2, 0.14, 0.77, 0.63, 0.05, 0.01, 
50, 2, eco4, 3, 3541, 0.5, -0.9, 0.53, 0.53, 0, 0.04, 0.01, 
50, 2, eco5, 4, 3017, 0.4, -0.6, 0.2, 0.76, 0.56, 0.04, 0.01, 
50, 3, eco1, 0, 34346, 1.1, 1.6, 54.3, 32.98, -21.32, 0.1, 0.03, 
50, 3, eco2, 1, 21854, 1.2, 1.2, 42.87, 31.75, -11.11, 0.1, 0.02, 
50, 3, eco3, 2, 6292, 1.3, 0.8, 31.61, 28, -3.61, 0.11, 0.02, 
50, 3, eco4, 3, 3541, 1.3, 1.1, 20, 19.05, -0.95, 0.11, 0.02, 
50, 3, eco5, 4, 3017, 1.3, 1.4, 40.19, 27.8, -12.39, 0.11, 0.02, 
50, 4, eco1, 0, 34346, 3.7, 4.2, 58.71, 34.7, -24.01, 0.3, 0.01, 
50, 4, eco2, 1, 21854, 4.7, 3.9, 54.89, 32.7, -22.2, 0.38, 0.01, 
50, 4, eco3, 2, 6292, 4.9, 3.5, 45.43, 28.04, -17.39, 0.39, 0.02, 
50, 4, eco4, 3, 3541, 4.2, 3.9, 27.68, 19.4, -8.28, 0.34, 0.01, 
50, 4, eco5, 4, 3017, 4.2, 4.1, 47.71, 27.57, -20.14, 0.34, 0.01, 
50, 5, eco1, 0, 34346, 2.4, 6.6, 49.78, 36.85, -12.94, 0.2, 0, 
50, 5, eco2, 1, 21854, 2.6, 6.3, 49.54, 39.95, -9.59, 0.21, 0, 
50, 5, eco3, 2, 6292, 2.6, 6, 45.68, 35.45, -10.23, 0.22, 0, 
50, 5, eco4, 3, 3541, 2.7, 6.3, 28.84, 23.54, -5.3, 0.22, 0, 
50, 5, eco5, 4, 3017, 2.4, 6.5, 41.08, 34.05, -7.03, 0.2, 0, 
50, 6, eco1, 0, 34346, 1.7, 11.6, 42.56, 22.44, -20.11, 0.14, 0, 
50, 6, eco2, 1, 21854, 1.9, 11.4, 46.03, 19.62, -26.41, 0.16, 0, 
50, 6, eco3, 2, 6292, 1.9, 11, 43.75, 17.69, -26.06, 0.16, 0, 
50, 6, eco4, 3, 3541, 1.8, 11.3, 32.38, 11.57, -20.81, 0.15, 0, 
50, 6, eco5, 4, 3017, 1.7, 11.5, 38.84, 24.46, -14.38, 0.14, 0, 
55, 7, eco1, 0, 34346, 0.6, 14.3, 28.14, 7.63, -20.51, 0.05, 0, 
55, 7, eco2, 1, 21854, 0.6, 14, 36.9, 4.85, -32.05, 0.05, 0, 
55, 7, eco3, 2, 6292, 0.3, 13.7, 32.97, 4.26, -28.72, 0.03, 0, 
55, 7, eco4, 3, 3541, 0.4, 13.9, 26.68, 3.94, -22.73, 0.04, 0, 
55, 7, eco5, 4, 3017, 0.5, 14.1, 31.3, 6.93, -24.38, 0.05, 0, 
55, 8, eco1, 0, 34346, 2.8, 13, 43.55, 13.93, -29.62, 0.23, 0, 
55, 8, eco2, 1, 21854, 2.5, 12.7, 36.02, 10.22, -25.79, 0.21, 0, 
55, 8, eco3, 2, 6292, 2.5, 12.3, 35.04, 8.95, -26.09, 0.21, 0, 
55, 8, eco4, 3, 3541, 2.5, 12.5, 29.96, 7.11, -22.85, 0.2, 0, 
55, 8, eco5, 4, 3017, 2.5, 12.8, 36.33, 11.34, -24.99, 0.2, 0, 
55, 9, eco1, 0, 34346, 6.9, 10.6, 76.88, 40.68, -36.2, 0.56, 0.02, 
55, 9, eco2, 1, 21854, 7.7, 10.4, 71.19, 42.46, -28.73, 0.62, 0.01, 
55, 9, eco3, 2, 6292, 8, 10.2, 63.17, 36.93, -26.25, 0.64, 0.02, 
55, 9, eco4, 3, 3541, 7.2, 10.4, 43.74, 24.86, -18.87, 0.58, 0.02, 
55, 9, eco5, 4, 3017, 7.2, 10.6, 64.68, 36.89, -27.8, 0.58, 0.01, 
55, 10, eco1, 0, 34346, 9.2, 5.1, 82.66, 29.58, -53.09, 0.74, 0, 
55, 10, eco2, 1, 21854, 9.8, 4.7, 69.96, 30.32, -39.64, 0.79, 0, 
55, 10, eco3, 2, 6292, 10.2, 4.3, 54.6, 25.71, -28.9, 0.82, 0, 
55, 10, eco4, 3, 3541, 9.7, 4.6, 35.92, 18, -17.92, 0.78, 0, 
55, 10, eco5, 4, 3017, 9.6, 4.9, 63.97, 26.57, -37.4, 0.78, 0, 
55, 11, eco1, 0, 34346, 9.7, 1.6, 60.81, 25.97, -34.84, 0.78, 0.01, 
55, 11, eco2, 1, 21854, 11.2, 1.2, 47.17, 24.53, -22.64, 0.9, 0.01, 
55, 11, eco3, 2, 6292, 11.4, 0.9, 34.63, 21.09, -13.53, 0.92, 0.01, 
55, 11, eco4, 3, 3541, 10.8, 1.1, 23.19, 14.85, -8.34, 0.87, 0.01, 
55, 11, eco5, 4, 3017, 10.6, 1.5, 45.09, 21.94, -23.16, 0.85, 0.01, 
55, 12, eco1, 0, 34346, 0.1, -0.8, 0.25, 0.71, 0.45, 0.01, 0, 
55, 12, eco2, 1, 21854, 0.1, -1.2, 0.27, 0.67, 0.4, 0.01, 0, 
55, 12, eco3, 2, 6292, 0.1, -1.5, 0.14, 0.58, 0.44, 0.02, 0, 
55, 12, eco4, 3, 3541, 0.1, -1.4, 0.54, 0.41, -0.13, 0.01, 0, 
55, 12, eco5, 4, 3017, 0.1, -1, 0.19, 0.6, 0.41, 0.01, 0, 
55, 1, eco1, 0, 34346, 5.3, -4.5, 0.05, 0.59, 0.54, 0.43, 0, 
55, 1, eco2, 1, 21854, 6.1, -5.2, 0.05, 0.55, 0.51, 0.49, 0, 
55, 1, eco3, 2, 6292, 6.6, -5.7, 0.01, 0.47, 0.46, 0.53, 0, 
55, 1, eco4, 3, 3541, 5.7, -5.5, 0.12, 0.33, 0.2, 0.46, 0, 
55, 1, eco5, 4, 3017, 5.8, -5, 0.03, 0.49, 0.46, 0.47, 0, 
55, 2, eco1, 0, 34346, 7.4, -4.3, 0.06, 0.62, 0.56, 0.6, 0, 
55, 2, eco2, 1, 21854, 7.9, -4.9, 0.05, 0.58, 0.53, 0.64, 0, 
55, 2, eco3, 2, 6292, 7.7, -5.4, 0.02, 0.49, 0.48, 0.62, 0, 
55, 2, eco4, 3, 3541, 7.5, -5.1, 0.15, 0.35, 0.2, 0.6, 0, 
55, 2, eco5, 4, 3017, 7.2, -4.7, 0.04, 0.52, 0.48, 0.58, 0, 
55, 3, eco1, 0, 34346, 24.7, 1.2, 57.03, 28.31, -28.72, 1.98, 0.09, 
55, 3, eco2, 1, 21854, 26.7, 0.8, 43.82, 26.74, -17.08, 2.14, 0.06, 
55, 3, eco3, 2, 6292, 27.1, 0.3, 31.37, 22.61, -8.76, 2.17, 0.07, 
55, 3, eco4, 3, 3541, 25.6, 0.6, 21.36, 15.99, -5.36, 2.05, 0.06, 
55, 3, eco5, 4, 3017, 25.3, 0.9, 41.14, 23.76, -17.38, 2.03, 0.06, 
55, 4, eco1, 0, 34346, 3.8, 5.1, 92.95, 30.29, -62.67, 0.31, 0.06, 
55, 4, eco2, 1, 21854, 4.2, 4.7, 75.67, 26.99, -48.68, 0.34, 0.04, 
55, 4, eco3, 2, 6292, 4.2, 4.2, 56.59, 22, -34.59, 0.34, 0.05, 
55, 4, eco4, 3, 3541, 4, 4.5, 37.47, 15.51, -21.96, 0.33, 0.04, 
55, 4, eco5, 4, 3017, 3.9, 4.8, 69.3, 23.95, -45.35, 0.32, 0.04, 
55, 5, eco1, 0, 34346, 4.6, 6.7, 81.74, 35.83, -45.91, 0.38, 0.01, 
55, 5, eco2, 1, 21854, 5.5, 6.3, 75.72, 35.85, -39.87, 0.44, 0, 
55, 5, eco3, 2, 6292, 5.7, 5.8, 61.95, 30.21, -31.75, 0.46, 0.01, 
55, 5, eco4, 3, 3541, 5.1, 6.2, 40.52, 21.36, -19.16, 0.41, 0, 
55, 5, eco5, 4, 3017, 5.1, 6.4, 66.11, 31.51, -34.61, 0.42, 0, 
55, 6, eco1, 0, 34346, 3.9, 11.4, 69.03, 30.74, -38.3, 0.32, 0.01, 
55, 6, eco2, 1, 21854, 4.2, 11.2, 69.69, 39.24, -30.45, 0.34, 0.01, 
55, 6, eco3, 2, 6292, 4.3, 10.8, 63.85, 35.56, -28.29, 0.35, 0.02, 
55, 6, eco4, 3, 3541, 4.1, 11, 45.46, 22.07, -23.39, 0.33, 0, 
55, 6, eco5, 4, 3017, 4.1, 11.2, 61.09, 31.32, -29.77, 0.33, 0, 
60, 7, eco1, 0, 34346, 0.2, 13.5, 28.26, 7.86, -20.41, 0.02, 0, 
60, 7, eco2, 1, 21854, 0.4, 13.3, 35.17, 6.33, -28.85, 0.03, 0, 
60, 7, eco3, 2, 6292, 0.4, 13, 32.81, 5.52, -27.29, 0.04, 0, 
60, 7, eco4, 3, 3541, 0.3, 13.3, 26.2, 5, -21.2, 0.03, 0, 
60, 7, eco5, 4, 3017, 0.3, 13.4, 31.65, 7.85, -23.8, 0.03, 0, 
60, 8, eco1, 0, 34346, 0.1, 14.1, 12.51, 4.57, -7.95, 0.01, 0, 
60, 8, eco2, 1, 21854, 0.1, 13.7, 13.97, 4.04, -9.92, 0.01, 0, 
60, 8, eco3, 2, 6292, 0.1, 13.3, 13.95, 3.47, -10.48, 0.01, 0, 
60, 8, eco4, 3, 3541, 0.1, 13.6, 13.3, 2.82, -10.48, 0.01, 0, 
60, 8, eco5, 4, 3017, 0.1, 13.9, 15.13, 4.35, -10.78, 0.01, 0, 
60, 9, eco1, 0, 34346, 0, 12, 9.42, 3.25, -6.17, 0.01, 0, 
60, 9, eco2, 1, 21854, 0, 11.7, 10.25, 2.96, -7.29, 0.01, 0, 
60, 9, eco3, 2, 6292, 0, 11.4, 8.79, 2.5, -6.29, 0.01, 0, 
60, 9, eco4, 3, 3541, 0, 11.6, 7.66, 1.96, -5.7, 0.01, 0, 
60, 9, eco5, 4, 3017, 0, 11.9, 10.34, 3, -7.35, 0.01, 0, 
60, 10, eco1, 0, 34346, 0, 7.8, 8.67, 2.35, -6.32, 0.01, 0, 
60, 10, eco2, 1, 21854, 0, 7.5, 9.83, 2.17, -7.66, 0.01, 0, 
60, 10, eco3, 2, 6292, 0, 7.2, 7.87, 1.84, -6.03, 0.01, 0, 
60, 10, eco4, 3, 3541, 0, 7.4, 5.46, 1.41, -4.05, 0.01, 0, 
60, 10, eco5, 4, 3017, 0, 7.7, 8.6, 2.14, -6.46, 0.01, 0, 
60, 11, eco1, 0, 34346, 1.1, 4.9, 29.02, 4.53, -24.49, 0.09, 0, 
60, 11, eco2, 1, 21854, 1, 4.6, 21.59, 3.9, -17.68, 0.08, 0, 
60, 11, eco3, 2, 6292, 0.8, 4.3, 17.84, 2.99, -14.85, 0.07, 0, 
60, 11, eco4, 3, 3541, 1, 4.4, 14.06, 2.57, -11.48, 0.08, 0, 
60, 11, eco5, 4, 3017, 0.9, 4.8, 18.55, 3.62, -14.93, 0.08, 0, 
60, 12, eco1, 0, 34346, 22.9, -0.7, 0.27, 0.98, 0.72, 1.83, 0, 
60, 12, eco2, 1, 21854, 24.6, -1.2, 0.28, 0.91, 0.63, 1.97, 0, 
60, 12, eco3, 2, 6292, 25.3, -1.6, 0.14, 0.76, 0.63, 2.03, 0, 
60, 12, eco4, 3, 3541, 24.1, -1.3, 0.61, 0.54, -0.07, 1.93, 0, 
60, 12, eco5, 4, 3017, 23.8, -1, 0.2, 0.81, 0.61, 1.91, 0, 
60, 1, eco1, 0, 34346, 31.2, -2.5, 0.15, 0.91, 0.77, 2.5, 0.01, 
60, 1, eco2, 1, 21854, 33.6, -2.9, 0.15, 0.84, 0.69, 2.69, 0.01, 
60, 1, eco3, 2, 6292, 33.4, -3.3, 0.07, 0.71, 0.64, 2.68, 0.01, 
60, 1, eco4, 3, 3541, 32.6, -3, 0.37, 0.5, 0.13, 2.61, 0.01, 
60, 1, eco5, 4, 3017, 31.3, -2.7, 0.11, 0.75, 0.64, 2.51, 0, 
60, 2, eco1, 0, 34346, 3, 0.4, 51.67, 35.17, -16.5, 0.24, 0.12, 
60, 2, eco2, 1, 21854, 3.1, 0.2, 41.67, 33.1, -8.57, 0.25, 0.09, 
60, 2, eco3, 2, 6292, 3, 0, 0.22, 0.89, 0.67, 0.24, 0.04, 
60, 2, eco4, 3, 3541, 2.9, 0.1, 21.43, 19.63, -1.8, 0.24, 0.08, 
60, 2, eco5, 4, 3017, 2.9, 0.4, 39.6, 29.38, -10.23, 0.23, 0.08, 
60, 3, eco1, 0, 34346, 43.8, -1, 0.24, 0.99, 0.75, 3.51, 0.07, 
60, 3, eco2, 1, 21854, 46.6, -1.4, 0.27, 0.93, 0.66, 3.73, 0.07, 
60, 3, eco3, 2, 6292, 46.1, -1.7, 0.13, 0.82, 0.69, 3.69, 0.06, 
60, 3, eco4, 3, 3541, 43.6, -1.4, 0.6, 0.56, -0.04, 3.49, 0.06, 
60, 3, eco5, 4, 3017, 43.3, -1.2, 0.19, 0.83, 0.63, 3.47, 0.07, 
60, 4, eco1, 0, 34346, 12, 1.1, 58.66, 36.6, -22.06, 0.96, 0.15, 
60, 4, eco2, 1, 21854, 13.5, 0.8, 46.07, 34.21, -11.86, 1.08, 0.14, 
60, 4, eco3, 2, 6292, 13.3, 0.4, 34.26, 30.26, -4.01, 1.07, 0.14, 
60, 4, eco4, 3, 3541, 11.8, 0.7, 24.26, 20.46, -3.8, 0.95, 0.11, 
60, 4, eco5, 4, 3017, 11.6, 1, 44.14, 30.46, -13.68, 0.93, 0.11, 
60, 5, eco1, 0, 34346, 13.1, 4.9, 99.29, 36.86, -62.43, 1.05, 0.06, 
60, 5, eco2, 1, 21854, 15.4, 4.4, 78.92, 32.89, -46.03, 1.24, 0.08, 
60, 5, eco3, 2, 6292, 15.8, 4, 59.29, 28.81, -30.48, 1.27, 0.09, 
60, 5, eco4, 3, 3541, 14.2, 4.5, 41.91, 19.29, -22.62, 1.14, 0.07, 
60, 5, eco5, 4, 3017, 14.1, 4.7, 74.31, 29.49, -44.82, 1.14, 0.07, 
60, 6, eco1, 0, 34346, 2.9, 9.2, 102.46, 54.79, -47.67, 0.24, 0.07, 
60, 6, eco2, 1, 21854, 3.5, 8.8, 95.85, 49.28, -46.57, 0.28, 0.06, 
60, 6, eco3, 2, 6292, 3.5, 8.4, 81.76, 41.95, -39.81, 0.29, 0.07, 
60, 6, eco4, 3, 3541, 3.4, 8.8, 55.54, 29.71, -25.82, 0.27, 0.06, 
60, 6, eco5, 4, 3017, 3.2, 9, 83.44, 44.22, -39.22, 0.26, 0.05, 
65, 7, eco1, 0, 34346, 1, 16.4, 30.73, 11.36, -19.37, 0.09, 0, 
65, 7, eco2, 1, 21854, 1.3, 16.1, 34.24, 11.69, -22.55, 0.11, 0, 
65, 7, eco3, 2, 6292, 1.4, 15.8, 34.25, 10.61, -23.64, 0.11, 0, 
65, 7, eco4, 3, 3541, 1.1, 16.1, 30.63, 7.22, -23.41, 0.09, 0, 
65, 7, eco5, 4, 3017, 1.1, 16.3, 33.95, 11.86, -22.09, 0.09, 0, 
65, 8, eco1, 0, 34346, 0.3, 15.2, 15.16, 6.75, -8.41, 0.03, 0, 
65, 8, eco2, 1, 21854, 0.3, 14.9, 17.48, 6.65, -10.82, 0.03, 0, 
65, 8, eco3, 2, 6292, 0.3, 14.5, 16.7, 5.89, -10.81, 0.03, 0, 
65, 8, eco4, 3, 3541, 0.3, 14.8, 15.08, 4.15, -10.93, 0.03, 0, 
65, 8, eco5, 4, 3017, 0.3, 15, 17.99, 6.5, -11.49, 0.03, 0, 
65, 9, eco1, 0, 34346, 1.1, 12.2, 24.29, 8.17, -16.12, 0.09, 0, 
65, 9, eco2, 1, 21854, 1.4, 12, 24.21, 9.31, -14.89, 0.11, 0, 
65, 9, eco3, 2, 6292, 1.4, 11.6, 23.22, 8.35, -14.87, 0.12, 0, 
65, 9, eco4, 3, 3541, 1.3, 11.9, 20.56, 5.49, -15.08, 0.11, 0, 
65, 9, eco5, 4, 3017, 1.2, 12.2, 23.28, 8.1, -15.18, 0.1, 0, 
65, 10, eco1, 0, 34346, 5.7, 3.8, 56.87, 43.14, -13.73, 0.46, 0, 
65, 10, eco2, 1, 21854, 6.3, 3.5, 52.35, 43.82, -8.53, 0.51, 0, 
65, 10, eco3, 2, 6292, 6.3, 3.1, 44.85, 37.3, -7.54, 0.51, 0, 
65, 10, eco4, 3, 3541, 6.2, 3.4, 31.97, 26.57, -5.4, 0.5, 0, 
65, 10, eco5, 4, 3017, 6, 3.7, 46.87, 37.49, -9.38, 0.48, 0, 
65, 11, eco1, 0, 34346, 18.8, -0.3, 0.31, 1.16, 0.85, 1.51, 0, 
65, 11, eco2, 1, 21854, 20.6, -0.7, 0.34, 1.08, 0.74, 1.65, 0, 
65, 11, eco3, 2, 6292, 20.4, -1, 0.17, 0.92, 0.75, 1.64, 0, 
65, 11, eco4, 3, 3541, 20.5, -0.7, 0.78, 0.66, -0.12, 1.65, 0, 
65, 11, eco5, 4, 3017, 19.4, -0.4, 0.25, 0.95, 0.7, 1.56, 0, 
65, 12, eco1, 0, 34346, 3.2, -3.8, 0.08, 0.96, 0.88, 0.26, 0, 
65, 12, eco2, 1, 21854, 3.5, -4.3, 0.08, 0.88, 0.81, 0.28, 0, 
65, 12, eco3, 2, 6292, 3.5, -4.8, 0.03, 0.75, 0.72, 0.29, 0, 
65, 12, eco4, 3, 3541, 3.6, -4.5, 0.24, 0.54, 0.3, 0.29, 0, 
65, 12, eco5, 4, 3017, 3.4, -4.1, 0.05, 0.78, 0.72, 0.28, 0, 
65, 1, eco1, 0, 34346, 1.4, -1.6, 0.2, 1.12, 0.92, 0.12, 0, 
65, 1, eco2, 1, 21854, 1.5, -2, 0.22, 1.04, 0.82, 0.13, 0, 
65, 1, eco3, 2, 6292, 1.7, -2.3, 0.11, 0.89, 0.78, 0.14, 0, 
65, 1, eco4, 3, 3541, 1.6, -1.9, 0.57, 0.65, 0.08, 0.14, 0, 
65, 1, eco5, 4, 3017, 1.6, -1.6, 0.17, 0.92, 0.76, 0.13, 0, 
65, 2, eco1, 0, 34346, 11, -2.1, 0.17, 1.12, 0.94, 0.88, 0.01, 
65, 2, eco2, 1, 21854, 12.7, -2.3, 0.2, 1.05, 0.85, 1.02, 0.02, 
65, 2, eco3, 2, 6292, 13.8, -2.6, 0.09, 0.9, 0.8, 1.11, 0.02, 
65, 2, eco4, 3, 3541, 12.6, -2.4, 0.5, 0.65, 0.15, 1.02, 0.01, 
65, 2, eco5, 4, 3017, 12.5, -2.1, 0.14, 0.92, 0.78, 1.01, 0, 
65, 3, eco1, 0, 34346, 6.3, 1.8, 68.88, 45.66, -23.22, 0.51, 0.05, 
65, 3, eco2, 1, 21854, 7.4, 1.6, 55.44, 42.74, -12.7, 0.59, 0.04, 
65, 3, eco3, 2, 6292, 7.6, 1.2, 41.47, 36.24, -5.22, 0.62, 0.05, 
65, 3, eco4, 3, 3541, 7.1, 1.5, 30.17, 26.29, -3.87, 0.57, 0.04, 
65, 3, eco5, 4, 3017, 6.9, 1.7, 52.52, 37.5, -15.01, 0.56, 0.04, 
65, 4, eco1, 0, 34346, 4.8, 1.8, 65.1, 43.83, -21.26, 0.39, 0.02, 
65, 4, eco2, 1, 21854, 5.6, 1.6, 54.91, 41.43, -13.48, 0.45, 0.02, 
65, 4, eco3, 2, 6292, 5.6, 1.3, 42.16, 35.41, -6.74, 0.45, 0.03, 
65, 4, eco4, 3, 3541, 5.2, 1.6, 30.28, 25.56, -4.72, 0.42, 0.02, 
65, 4, eco5, 4, 3017, 5.1, 1.8, 51.53, 36.45, -15.08, 0.41, 0.02, 
65, 5, eco1, 0, 34346, 1.4, 8.7, 57.97, 63.09, 5.12, 0.12, 0.04, 
65, 5, eco2, 1, 21854, 1.6, 8.6, 61.25, 61.64, 0.4, 0.13, 0.03, 
65, 5, eco3, 2, 6292, 1.6, 8.4, 57.69, 52.81, -4.88, 0.14, 0.04, 
65, 5, eco4, 3, 3541, 1.7, 8.6, 43.4, 37.94, -5.45, 0.14, 0.03, 
65, 5, eco5, 4, 3017, 1.5, 8.8, 52.38, 53.82, 1.44, 0.13, 0.03, 
65, 6, eco1, 0, 34346, 3.7, 10.3, 65.25, 41.59, -23.66, 0.3, 0, 
65, 6, eco2, 1, 21854, 4.2, 10.1, 64.76, 45.78, -18.99, 0.34, 0, 
65, 6, eco3, 2, 6292, 4.6, 9.8, 60.34, 40.11, -20.23, 0.37, 0, 
65, 6, eco4, 3, 3541, 4.1, 10.1, 46.14, 28.55, -17.6, 0.33, 0, 
65, 6, eco5, 4, 3017, 4.1, 10.3, 58.25, 43.84, -14.41, 0.34, 0, 
70, 7, eco1, 0, 34346, 1.7, 13.6, 44.78, 15.54, -29.24, 0.14, 0, 
70, 7, eco2, 1, 21854, 2.1, 13.4, 49.08, 15.87, -33.21, 0.17, 0, 
70, 7, eco3, 2, 6292, 2.2, 13, 48.02, 14.9, -33.12, 0.18, 0, 
70, 7, eco4, 3, 3541, 1.8, 13.3, 39.76, 13.13, -26.63, 0.15, 0, 
70, 7, eco5, 4, 3017, 1.9, 13.4, 43.97, 18.38, -25.59, 0.16, 0, 
70, 8, eco1, 0, 34346, 0.8, 13.1, 23.66, 8.82, -14.83, 0.07, 0, 
70, 8, eco2, 1, 21854, 0.7, 12.8, 25, 8.36, -16.64, 0.06, 0, 
70, 8, eco3, 2, 6292, 0.6, 12.3, 24.08, 7.1, -16.98, 0.05, 0, 
70, 8, eco4, 3, 3541, 0.7, 12.6, 24.05, 6.76, -17.29, 0.06, 0, 
70, 8, eco5, 4, 3017, 0.7, 12.8, 24.89, 8.99, -15.9, 0.06, 0, 
70, 9, eco1, 0, 34346, 0.1, 12, 11.91, 5.06, -6.85, 0.01, 0, 
70, 9, eco2, 1, 21854, 0, 11.8, 13.21, 4.86, -8.35, 0.01, 0, 
70, 9, eco3, 2, 6292, 0, 11.4, 11.9, 4.13, -7.77, 0.01, 0, 
70, 9, eco4, 3, 3541, 0.1, 11.6, 12.03, 3.62, -8.41, 0.01, 0, 
70, 9, eco5, 4, 3017, 0, 11.8, 13.62, 4.9, -8.73, 0.01, 0, 
70, 10, eco1, 0, 34346, 7.2, 6.4, 70.73, 49.41, -21.32, 0.58, 0.01, 
70, 10, eco2, 1, 21854, 7.5, 6, 64.33, 47.29, -17.04, 0.61, 0, 
70, 10, eco3, 2, 6292, 8, 5.5, 58.56, 41.08, -17.48, 0.64, 0, 
70, 10, eco4, 3, 3541, 7.8, 6, 43.81, 30.61, -13.2, 0.63, 0, 
70, 10, eco5, 4, 3017, 7.6, 6.1, 59.76, 41.53, -18.22, 0.62, 0, 
70, 11, eco1, 0, 34346, 4, -0.6, 0.28, 1.08, 0.8, 0.33, 0, 
70, 11, eco2, 1, 21854, 5.5, -0.9, 0.32, 1.01, 0.69, 0.45, 0, 
70, 11, eco3, 2, 6292, 6.7, -1.3, 0.16, 0.88, 0.71, 0.54, 0, 
70, 11, eco4, 3, 3541, 5.8, -0.9, 0.8, 0.65, -0.15, 0.47, 0, 
70, 11, eco5, 4, 3017, 5.6, -0.7, 0.23, 0.89, 0.66, 0.45, 0, 
70, 12, eco1, 0, 34346, 19.9, -1.2, 0.23, 1.07, 0.84, 1.6, 0, 
70, 12, eco2, 1, 21854, 21.1, -1.6, 0.26, 1, 0.74, 1.7, 0.02, 
70, 12, eco3, 2, 6292, 21.7, -2.1, 0.12, 0.86, 0.74, 1.74, 0.02, 
70, 12, eco4, 3, 3541, 21.3, -1.7, 0.65, 0.64, -0.01, 1.71, 0.02, 
70, 12, eco5, 4, 3017, 21.2, -1.5, 0.18, 0.87, 0.7, 1.7, 0, 
70, 1, eco1, 0, 34346, 13.8, -5.9, 0.01, 0.83, 0.82, 1.11, 0, 
70, 1, eco2, 1, 21854, 18.4, -6.6, 0.01, 0.76, 0.75, 1.48, 0, 
70, 1, eco3, 2, 6292, 20.9, -7.2, 0, 0.64, 0.64, 1.68, 0, 
70, 1, eco4, 3, 3541, 18, -6.7, 0.08, 0.49, 0.4, 1.44, 0, 
70, 1, eco5, 4, 3017, 17.4, -6.4, 0, 0.67, 0.67, 1.4, 0, 
70, 2, eco1, 0, 34346, 15.8, -3.6, 0.08, 0.98, 0.9, 1.27, 0.02, 
70, 2, eco2, 1, 21854, 18.3, -4, 0.09, 0.92, 0.82, 1.47, 0.03, 
70, 2, eco3, 2, 6292, 19.6, -4.6, 0.03, 0.77, 0.74, 1.58, 0.03, 
70, 2, eco4, 3, 3541, 19, -4.2, 0.29, 0.58, 0.29, 1.53, 0.03, 
70, 2, eco5, 4, 3017, 18.3, -3.9, 0.06, 0.8, 0.74, 1.47, 0.01, 
70, 3, eco1, 0, 34346, 8.3, -0.4, 0.29, 1.22, 0.92, 0.67, 0.03, 
70, 3, eco2, 1, 21854, 10.3, -0.8, 0.34, 1.14, 0.8, 0.83, 0.04, 
70, 3, eco3, 2, 6292, 11.6, -1.4, 0.15, 0.96, 0.8, 0.93, 0.04, 
70, 3, eco4, 3, 3541, 10.3, -1.1, 0.76, 0.72, -0.05, 0.83, 0.04, 
70, 3, eco5, 4, 3017, 10.1, -0.8, 0.22, 0.99, 0.77, 0.81, 0.04, 
70, 4, eco1, 0, 34346, 4.5, 1.9, 71.41, 45.39, -26.01, 0.37, 0.08, 
70, 4, eco2, 1, 21854, 5.4, 1.6, 57.95, 42.41, -15.54, 0.44, 0.07, 
70, 4, eco3, 2, 6292, 5.8, 1.1, 42.44, 35.86, -6.59, 0.47, 0.08, 
70, 4, eco4, 3, 3541, 5.5, 1.4, 32.34, 26.86, -5.48, 0.45, 0.06, 
70, 4, eco5, 4, 3017, 5.3, 1.7, 53.85, 37.21, -16.65, 0.43, 0.07, 
70, 5, eco1, 0, 34346, 5.3, 7.2, 97.9, 57.5, -40.4, 0.43, 0.06, 
70, 5, eco2, 1, 21854, 5.9, 7, 92.61, 51.59, -41.02, 0.48, 0.06, 
70, 5, eco3, 2, 6292, 6.4, 6.4, 78.47, 41.27, -37.2, 0.51, 0.06, 
70, 5, eco4, 3, 3541, 6.2, 6.8, 57, 31.74, -25.27, 0.5, 0.05, 
70, 5, eco5, 4, 3017, 6, 7, 84.07, 44.6, -39.48, 0.49, 0.05, 
70, 6, eco1, 0, 34346, 0.4, 10.7, 33.96, 24.51, -9.45, 0.04, 0, 
70, 6, eco2, 1, 21854, 0.3, 10.5, 46.65, 22.1, -24.55, 0.03, 0, 
70, 6, eco3, 2, 6292, 0.3, 10, 47.93, 30.43, -17.5, 0.03, 0, 
70, 6, eco4, 3, 3541, 0.4, 10.4, 37.78, 17.34, -20.43, 0.04, 0, 
70, 6, eco5, 4, 3017, 0.4, 10.5, 40.3, 34.41, -5.89, 0.04, 0, 
75, 7, eco1, 0, 34346, 2.1, 13.7, 42.73, 20.42, -22.31, 0.18, 0, 
75, 7, eco2, 1, 21854, 2.6, 13.3, 45.53, 22.91, -22.62, 0.21, 0, 
75, 7, eco3, 2, 6292, 2.9, 12.8, 44.96, 23.06, -21.9, 0.24, 0, 
75, 7, eco4, 3, 3541, 2.2, 13.1, 38.32, 13.21, -25.11, 0.18, 0, 
75, 7, eco5, 4, 3017, 2.4, 13.4, 44.15, 23.23, -20.92, 0.19, 0, 
75, 8, eco1, 0, 34346, 0.1, 15.7, 18.46, 7.39, -11.07, 0.01, 0, 
75, 8, eco2, 1, 21854, 0.1, 15.5, 22.39, 7.78, -14.6, 0.01, 0, 
75, 8, eco3, 2, 6292, 0.1, 15.3, 20.86, 6.87, -13.99, 0.01, 0, 
75, 8, eco4, 3, 3541, 0.1, 15.5, 18.11, 4.91, -13.2, 0.01, 0, 
75, 8, eco5, 4, 3017, 0.1, 15.7, 22.52, 7.68, -14.83, 0.01, 0, 
75, 9, eco1, 0, 34346, 5.2, 7.4, 58.3, 44.42, -13.89, 0.42, 0.01, 
75, 9, eco2, 1, 21854, 5.1, 7, 52.23, 44.4, -7.84, 0.41, 0, 
75, 9, eco3, 2, 6292, 4.9, 6.7, 46.82, 36.4, -10.42, 0.4, 0, 
75, 9, eco4, 3, 3541, 5.3, 6.9, 40.14, 29.82, -10.32, 0.43, 0, 
75, 9, eco5, 4, 3017, 4.8, 7.2, 47.12, 37.99, -9.13, 0.39, 0, 
75, 10, eco1, 0, 34346, 0.1, 5.8, 23, 14.53, -8.46, 0.01, 0, 
75, 10, eco2, 1, 21854, 0.1, 5.5, 28.08, 14.12, -13.96, 0.01, 0, 
75, 10, eco3, 2, 6292, 0.1, 5.1, 24.39, 11.08, -13.31, 0.01, 0, 
75, 10, eco4, 3, 3541, 0.1, 5.5, 19.17, 9.53, -9.63, 0.02, 0, 
75, 10, eco5, 4, 3017, 0.1, 5.7, 23.7, 13.18, -10.52, 0.01, 0, 
75, 11, eco1, 0, 34346, 0.9, 2.7, 24.92, 23.36, -1.56, 0.08, 0, 
75, 11, eco2, 1, 21854, 0.8, 2.4, 22.68, 24.53, 1.85, 0.07, 0, 
75, 11, eco3, 2, 6292, 0.8, 2.2, 19.72, 19.78, 0.07, 0.07, 0, 
75, 11, eco4, 3, 3541, 0.9, 2.4, 17.62, 16.43, -1.19, 0.08, 0, 
75, 11, eco5, 4, 3017, 0.8, 2.7, 20.75, 21.05, 0.3, 0.07, 0, 
75, 12, eco1, 0, 34346, 1.1, -1.1, 0.24, 1.12, 0.89, 0.09, 0, 
75, 12, eco2, 1, 21854, 1.4, -1.4, 0.28, 1.07, 0.79, 0.12, 0, 
75, 12, eco3, 2, 6292, 1.5, -1.7, 0.14, 0.95, 0.81, 0.13, 0, 
75, 12, eco4, 3, 3541, 1.6, -1.5, 0.74, 0.71, -0.02, 0.13, 0, 
75, 12, eco5, 4, 3017, 1.4, -1.2, 0.19, 0.94, 0.74, 0.11, 0, 
75, 1, eco1, 0, 34346, 10.1, 0.8, 59.98, 40.8, -19.18, 0.81, 0.01, 
75, 1, eco2, 1, 21854, 10.9, 0.6, 50.24, 39.01, -11.23, 0.88, 0, 
75, 1, eco3, 2, 6292, 10.8, 0.4, 38.8, 34.78, -4.01, 0.87, 0, 
75, 1, eco4, 3, 3541, 10.9, 0.6, 30.12, 26.15, -3.96, 0.88, 0, 
75, 1, eco5, 4, 3017, 10.4, 0.8, 47.41, 34.26, -13.15, 0.83, 0.01, 
75, 2, eco1, 0, 34346, 51.3, -0.8, 0.26, 1.15, 0.88, 4.11, 0.06, 
75, 2, eco2, 1, 21854, 55.6, -1, 0.32, 1.1, 0.78, 4.45, 0.07, 
75, 2, eco3, 2, 6292, 56.8, -1.3, 0.16, 0.97, 0.82, 4.55, 0.07, 
75, 2, eco4, 3, 3541, 53.6, -1.1, 0.82, 0.73, -0.09, 4.29, 0.06, 
75, 2, eco5, 4, 3017, 52.6, -0.8, 0.22, 0.97, 0.75, 4.21, 0.07, 
75, 3, eco1, 0, 34346, 13.8, 2.1, 74.33, 35.86, -38.47, 1.11, 0.11, 
75, 3, eco2, 1, 21854, 15.5, 1.8, 61.63, 42.09, -19.54, 1.25, 0.16, 
75, 3, eco3, 2, 6292, 15.8, 1.4, 46.73, 37.04, -9.69, 1.27, 0.17, 
75, 3, eco4, 3, 3541, 15.1, 1.7, 36.31, 27.97, -8.34, 1.22, 0.14, 
75, 3, eco5, 4, 3017, 14.7, 1.9, 57.78, 36.99, -20.79, 1.18, 0.16, 
75, 4, eco1, 0, 34346, 2.7, 3.3, 87.45, 38.42, -49.03, 0.22, 0.04, 
75, 4, eco2, 1, 21854, 2.7, 2.9, 72.25, 35.91, -36.34, 0.22, 0.03, 
75, 4, eco3, 2, 6292, 2.3, 2.4, 55.19, 33.35, -21.84, 0.19, 0.04, 
75, 4, eco4, 3, 3541, 2.7, 2.8, 42.87, 24.51, -18.36, 0.22, 0.03, 
75, 4, eco5, 4, 3017, 2.5, 3, 67.51, 30.71, -36.8, 0.21, 0.03, 
75, 5, eco1, 0, 34346, 2.5, 7.2, 80.44, 55.82, -24.62, 0.2, 0.05, 
75, 5, eco2, 1, 21854, 2.6, 6.8, 76.96, 52.5, -24.46, 0.21, 0.03, 
75, 5, eco3, 2, 6292, 2.5, 6.4, 70.37, 45.22, -25.15, 0.21, 0.04, 
75, 5, eco4, 3, 3541, 2.6, 6.7, 53.26, 34.7, -18.56, 0.22, 0.03, 
75, 5, eco5, 4, 3017, 2.5, 7, 66.71, 45.97, -20.74, 0.2, 0.02, 
75, 6, eco1, 0, 34346, 0.8, 12.9, 32.46, 16.01, -16.45, 0.07, 0, 
75, 6, eco2, 1, 21854, 0.7, 12.8, 42.37, 21.69, -20.68, 0.06, 0, 
75, 6, eco3, 2, 6292, 0.8, 12.6, 41.46, 25.44, -16.03, 0.07, 0, 
75, 6, eco4, 3, 3541, 0.8, 12.7, 38.52, 14.54, -23.98, 0.07, 0, 
75, 6, eco5, 4, 3017, 0.8, 13, 36.87, 19.39, -17.49, 0.07, 0, 
80, 7, eco1, 0, 34346, 0.5, 16.1, 27.66, 10.38, -17.28, 0.04, 0, 
80, 7, eco2, 1, 21854, 0.5, 15.6, 36.86, 7.08, -29.78, 0.05, 0, 
80, 7, eco3, 2, 6292, 0.7, 15.1, 36.01, 7.05, -28.95, 0.06, 0, 
80, 7, eco4, 3, 3541, 0.4, 15.5, 33.49, 6.19, -27.3, 0.04, 0, 
80, 7, eco5, 4, 3017, 0.5, 15.8, 32.73, 9.75, -22.98, 0.05, 0, 
80, 8, eco1, 0, 34346, 1.8, 14.8, 33.87, 12.51, -21.36, 0.15, 0, 
80, 8, eco2, 1, 21854, 1.9, 14.2, 31.46, 10.7, -20.76, 0.16, 0, 
80, 8, eco3, 2, 6292, 2.2, 13.6, 34.11, 10.97, -23.14, 0.18, 0, 
80, 8, eco4, 3, 3541, 1.8, 14.1, 30.72, 7.84, -22.88, 0.15, 0, 
80, 8, eco5, 4, 3017, 1.9, 14.4, 32.25, 12, -20.25, 0.15, 0, 
80, 9, eco1, 0, 34346, 0.6, 10.5, 17.25, 8.04, -9.21, 0.05, 0, 
80, 9, eco2, 1, 21854, 0.7, 10, 20.83, 7.75, -13.08, 0.06, 0, 
80, 9, eco3, 2, 6292, 0.7, 9.6, 19.98, 7.05, -12.93, 0.06, 0, 
80, 9, eco4, 3, 3541, 0.7, 9.9, 17.85, 5.59, -12.26, 0.06, 0, 
80, 9, eco5, 4, 3017, 0.6, 10.2, 19.09, 7.79, -11.31, 0.05, 0, 
80, 10, eco1, 0, 34346, 3.4, 5.5, 43.55, 29.62, -13.93, 0.28, 0, 
80, 10, eco2, 1, 21854, 4.5, 5.1, 46.47, 38.13, -8.34, 0.36, 0, 
80, 10, eco3, 2, 6292, 4.7, 4.7, 44.07, 34.15, -9.91, 0.38, 0, 
80, 10, eco4, 3, 3541, 4.2, 5, 35.1, 24.7, -10.4, 0.34, 0, 
80, 10, eco5, 4, 3017, 4.1, 5.3, 41.2, 32.45, -8.75, 0.33, 0, 
80, 11, eco1, 0, 34346, 12.6, 1.6, 67.89, 40.68, -27.21, 1.02, 0.02, 
80, 11, eco2, 1, 21854, 13.7, 1.2, 56.17, 37.46, -18.71, 1.1, 0, 
80, 11, eco3, 2, 6292, 13.4, 0.8, 42.77, 31.77, -11, 1.08, 0.01, 
80, 11, eco4, 3, 3541, 13.4, 1.1, 35.2, 24.98, -10.22, 1.08, 0.01, 
80, 11, eco5, 4, 3017, 12.7, 1.4, 53.47, 33.83, -19.65, 1.02, 0.01, 
80, 12, eco1, 0, 34346, 48, -1.1, 0.22, 1.08, 0.85, 3.85, 0.05, 
80, 12, eco2, 1, 21854, 50.9, -1.5, 0.27, 1, 0.73, 4.07, 0.06, 
80, 12, eco3, 2, 6292, 51.2, -1.8, 0.13, 0.85, 0.72, 4.1, 0.05, 
80, 12, eco4, 3, 3541, 49.2, -1.5, 0.77, 0.67, -0.11, 3.94, 0.05, 
80, 12, eco5, 4, 3017, 48.1, -1.2, 0.19, 0.9, 0.72, 3.86, 0.06, 
80, 1, eco1, 0, 34346, 27.3, -1, 0.23, 1.12, 0.88, 2.19, 0.08, 
80, 1, eco2, 1, 21854, 28.5, -1.4, 0.28, 1.04, 0.76, 2.29, 0.08, 
80, 1, eco3, 2, 6292, 28.3, -1.7, 0.13, 0.88, 0.75, 2.27, 0.08, 
80, 1, eco4, 3, 3541, 27.4, -1.5, 0.79, 0.69, -0.1, 2.19, 0.07, 
80, 1, eco5, 4, 3017, 26.9, -1.2, 0.19, 0.94, 0.74, 2.16, 0.08, 
80, 2, eco1, 0, 34346, 25.9, -0.6, 0.27, 1.18, 0.91, 2.08, 0.08, 
80, 2, eco2, 1, 21854, 28.5, -1.1, 0.31, 1.09, 0.78, 2.29, 0.09, 
80, 2, eco3, 2, 6292, 28.9, -1.5, 0.15, 0.92, 0.77, 2.32, 0.08, 
80, 2, eco4, 3, 3541, 27.4, -1.1, 0.86, 0.73, -0.13, 2.2, 0.07, 
80, 2, eco5, 4, 3017, 26.9, -0.9, 0.21, 0.98, 0.77, 2.16, 0.08, 
80, 3, eco1, 0, 34346, 16.2, 0.4, 55.17, 40.43, -14.74, 1.3, 0.22, 
80, 3, eco2, 1, 21854, 18.1, 0, 45.51, 37.65, -7.86, 1.45, 0.18, 
80, 3, eco3, 2, 6292, 18.5, -0.3, 0.22, 1.02, 0.79, 1.48, 0.09, 
80, 3, eco4, 3, 3541, 16.7, 0, 1.13, 25.17, 24.04, 1.34, 0.14, 
80, 3, eco5, 4, 3017, 16.9, 0.3, 44.04, 34.15, -9.89, 1.35, 0.16, 
80, 4, eco1, 0, 34346, 8.2, 3.3, 88.07, 38.17, -49.9, 0.66, 0.06, 
80, 4, eco2, 1, 21854, 8.9, 2.9, 73.66, 35.64, -38.02, 0.71, 0.08, 
80, 4, eco3, 2, 6292, 8.7, 2.4, 56.6, 30.19, -26.41, 0.7, 0.1, 
80, 4, eco4, 3, 3541, 8.2, 2.8, 46.17, 24.94, -21.23, 0.66, 0.07, 
80, 4, eco5, 4, 3017, 8, 3.1, 69.48, 31.1, -38.38, 0.65, 0.06, 
80, 5, eco1, 0, 34346, 10.7, 6.7, 118.78, 50.55, -68.23, 0.86, 0.06, 
80, 5, eco2, 1, 21854, 12.5, 6.3, 105.59, 44.51, -61.08, 1, 0.07, 
80, 5, eco3, 2, 6292, 12.6, 6, 85.31, 38.57, -46.74, 1.01, 0.08, 
80, 5, eco4, 3, 3541, 11.8, 6.3, 67.61, 29.8, -37.81, 0.95, 0.06, 
80, 5, eco5, 4, 3017, 11.1, 6.6, 96.7, 41.14, -55.56, 0.89, 0.05, 
80, 6, eco1, 0, 34346, 2.8, 11.2, 76.75, 64.36, -12.38, 0.23, 0.03, 
80, 6, eco2, 1, 21854, 3.3, 10.7, 82.65, 66.7, -15.95, 0.27, 0.05, 
80, 6, eco3, 2, 6292, 3.5, 10.3, 84.37, 58.86, -25.51, 0.28, 0.06, 
80, 6, eco4, 3, 3541, 3.1, 10.7, 66.54, 43.51, -23.03, 0.25, 0.03, 
80, 6, eco5, 4, 3017, 3.2, 10.9, 71.54, 58.84, -12.7, 0.26, 0.03, 
85, 7, eco1, 0, 34346, 0.2, 14.4, 16.01, 7.59, -8.42, 0.02, 0, 
85, 7, eco2, 1, 21854, 0.1, 13.9, 16.81, 6.27, -10.54, 0.02, 0, 
85, 7, eco3, 2, 6292, 0.1, 13.4, 15.85, 5.36, -10.49, 0.01, 0, 
85, 7, eco4, 3, 3541, 0.2, 13.8, 16.41, 5.2, -11.21, 0.02, 0, 
85, 7, eco5, 4, 3017, 0.1, 14, 18.19, 7.21, -10.98, 0.02, 0, 
85, 8, eco1, 0, 34346, 1.9, 12.9, 31.41, 12.83, -18.58, 0.16, 0, 
85, 8, eco2, 1, 21854, 2, 12.3, 29.3, 11.71, -17.59, 0.16, 0, 
85, 8, eco3, 2, 6292, 2.2, 11.8, 29.73, 11.02, -18.71, 0.18, 0, 
85, 8, eco4, 3, 3541, 1.8, 12.3, 28.13, 8.2, -19.93, 0.15, 0, 
85, 8, eco5, 4, 3017, 1.9, 12.5, 28.54, 11.54, -17, 0.16, 0, 
85, 9, eco1, 0, 34346, 0.5, 11.5, 14.97, 6.52, -8.44, 0.04, 0, 
85, 9, eco2, 1, 21854, 0.4, 10.9, 17.41, 6.54, -10.87, 0.04, 0, 
85, 9, eco3, 2, 6292, 0.4, 10.4, 16.11, 5.51, -10.6, 0.04, 0, 
85, 9, eco4, 3, 3541, 0.4, 10.8, 14.12, 4.51, -9.61, 0.04, 0, 
85, 9, eco5, 4, 3017, 0.4, 11.1, 16.31, 6.21, -10.09, 0.04, 0, 
85, 10, eco1, 0, 34346, 3.4, 7.9, 42.12, 27.41, -14.71, 0.27, 0, 
85, 10, eco2, 1, 21854, 3, 7.4, 36.22, 24.67, -11.56, 0.25, 0, 
85, 10, eco3, 2, 6292, 2.9, 6.8, 33.9, 20.62, -13.28, 0.24, 0, 
85, 10, eco4, 3, 3541, 3.2, 7.2, 32.94, 18.35, -14.59, 0.26, 0, 
85, 10, eco5, 4, 3017, 3.1, 7.5, 34.71, 23.16, -11.55, 0.25, 0, 
85, 11, eco1, 0, 34346, 5.9, 3.3, 61.72, 48.08, -13.65, 0.48, 0, 
85, 11, eco2, 1, 21854, 7, 2.9, 59.93, 46.7, -13.22, 0.56, 0, 
85, 11, eco3, 2, 6292, 7.5, 2.5, 51.87, 39.91, -11.96, 0.61, 0, 
85, 11, eco4, 3, 3541, 6.8, 2.7, 41.46, 31.09, -10.37, 0.55, 0, 
85, 11, eco5, 4, 3017, 6.7, 3.1, 55.1, 41.86, -13.24, 0.54, 0, 
85, 12, eco1, 0, 34346, 2.1, -2, 0.15, 1.14, 0.99, 0.17, 0, 
85, 12, eco2, 1, 21854, 2, -2.5, 0.17, 1.04, 0.87, 0.16, 0, 
85, 12, eco3, 2, 6292, 2, -3, 0.07, 0.89, 0.82, 0.16, 0, 
85, 12, eco4, 3, 3541, 2.1, -2.6, 0.6, 0.7, 0.1, 0.18, 0, 
85, 12, eco5, 4, 3017, 2, -2.3, 0.12, 0.94, 0.82, 0.17, 0, 
85, 1, eco1, 0, 34346, 21.5, -1.9, 0.16, 1.18, 1.02, 1.72, 0, 
85, 1, eco2, 1, 21854, 23, -2.2, 0.2, 1.1, 0.89, 1.85, 0, 
85, 1, eco3, 2, 6292, 23.8, -2.5, 0.09, 0.94, 0.85, 1.91, 0.01, 
85, 1, eco4, 3, 3541, 22.6, -2.3, 0.67, 0.74, 0.07, 1.81, 0, 
85, 1, eco5, 4, 3017, 22.3, -2, 0.14, 0.99, 0.85, 1.79, 0, 
85, 2, eco1, 0, 34346, 30.8, -2.7, 0.1, 1.15, 1.04, 2.47, 0.04, 
85, 2, eco2, 1, 21854, 32.5, -3.1, 0.14, 1.07, 0.93, 2.61, 0.05, 
85, 2, eco3, 2, 6292, 33.1, -3.5, 0.05, 0.91, 0.86, 2.65, 0.05, 
85, 2, eco4, 3, 3541, 31.1, -3.2, 0.5, 0.72, 0.22, 2.49, 0.04, 
85, 2, eco5, 4, 3017, 31.1, -3, 0.08, 0.96, 0.87, 2.5, 0.05, 
85, 3, eco1, 0, 34346, 8.2, -0.4, 0.28, 1.36, 1.08, 0.66, 0.04, 
85, 3, eco2, 1, 21854, 8.5, -0.6, 0.36, 1.27, 0.91, 0.68, 0.05, 
85, 3, eco3, 2, 6292, 8.6, -0.9, 0.18, 1.09, 0.91, 0.7, 0.04, 
85, 3, eco4, 3, 3541, 8.1, -0.6, 1.04, 0.86, -0.18, 0.65, 0.04, 
85, 3, eco5, 4, 3017, 8.1, -0.4, 0.24, 1.14, 0.9, 0.65, 0.04, 
85, 4, eco1, 0, 34346, 10.6, 0.5, 57.64, 46.27, -11.37, 0.86, 0.11, 
85, 4, eco2, 1, 21854, 12.2, 0.4, 50.35, 43.55, -6.8, 0.98, 0.08, 
85, 4, eco3, 2, 6292, 12.9, 0.1, 38.77, 37.31, -1.46, 1.04, 0.09, 
85, 4, eco4, 3, 3541, 10.7, 0.3, 32.67, 29.33, -3.34, 0.86, 0.06, 
85, 4, eco5, 4, 3017, 11.2, 0.5, 47.42, 39.18, -8.24, 0.9, 0.08, 
85, 5, eco1, 0, 34346, 1.9, 6.5, 98.14, 58, -40.14, 0.15, 0.1, 
85, 5, eco2, 1, 21854, 2, 6.3, 93.5, 52.8, -40.7, 0.16, 0.06, 
85, 5, eco3, 2, 6292, 2, 5.9, 81.18, 44.13, -37.05, 0.17, 0.06, 
85, 5, eco4, 3, 3541, 1.9, 6.2, 63.15, 35.65, -27.5, 0.16, 0.05, 
85, 5, eco5, 4, 3017, 1.8, 6.4, 83.22, 47.82, -35.4, 0.15, 0.06, 
85, 6, eco1, 0, 34346, 1.9, 10.2, 54.95, 53.79, -1.17, 0.16, 0, 
85, 6, eco2, 1, 21854, 2.1, 9.8, 56.94, 56.74, -0.2, 0.17, 0, 
85, 6, eco3, 2, 6292, 2.2, 9.4, 58.71, 48.8, -9.91, 0.18, 0, 
85, 6, eco4, 3, 3541, 2.1, 9.7, 49.62, 34.56, -15.06, 0.17, 0, 
85, 6, eco5, 4, 3017, 2.1, 9.9, 51.23, 53.66, 2.43, 0.17, 0, 
90, 7, eco1, 0, 34346, 0.8, 16.7, 27.25, 12.61, -14.64, 0.07, 0, 
90, 7, eco2, 1, 21854, 0.8, 16.5, 35.3, 11.09, -24.21, 0.07, 0, 
90, 7, eco3, 2, 6292, 0.8, 16.3, 33.98, 9.76, -24.22, 0.07, 0, 
90, 7, eco4, 3, 3541, 0.8, 16.5, 33.38, 8.85, -24.53, 0.07, 0, 
90, 7, eco5, 4, 3017, 0.8, 16.7, 32.18, 14.75, -17.43, 0.07, 0, 
90, 8, eco1, 0, 34346, 0.2, 16.2, 15.08, 7.1, -7.98, 0.02, 0, 
90, 8, eco2, 1, 21854, 0.3, 15.8, 18.13, 6.96, -11.17, 0.03, 0, 
90, 8, eco3, 2, 6292, 0.3, 15.5, 17.58, 6.11, -11.47, 0.03, 0, 
90, 8, eco4, 3, 3541, 0.2, 15.8, 16.93, 5.08, -11.84, 0.02, 0, 
90, 8, eco5, 4, 3017, 0.2, 16.1, 18.95, 7.82, -11.13, 0.02, 0, 
90, 9, eco1, 0, 34346, 0.2, 12.3, 11.12, 5.17, -5.95, 0.02, 0, 
90, 9, eco2, 1, 21854, 0.2, 12, 13.52, 5.13, -8.39, 0.02, 0, 
90, 9, eco3, 2, 6292, 0.2, 11.6, 12.33, 4.47, -7.86, 0.02, 0, 
90, 9, eco4, 3, 3541, 0.2, 11.9, 11.15, 3.66, -7.49, 0.02, 0, 
90, 9, eco5, 4, 3017, 0.2, 12.2, 13, 5.4, -7.61, 0.02, 0, 
90, 10, eco1, 0, 34346, 0.3, 9.4, 10.68, 4.28, -6.41, 0.03, 0, 
90, 10, eco2, 1, 21854, 0.2, 9.2, 12.5, 4.01, -8.49, 0.02, 0, 
90, 10, eco3, 2, 6292, 0.1, 8.7, 11.03, 3.41, -7.63, 0.02, 0, 
90, 10, eco4, 3, 3541, 0.2, 8.9, 10.07, 2.92, -7.15, 0.02, 0, 
90, 10, eco5, 4, 3017, 0.2, 9.2, 11.35, 4.07, -7.29, 0.02, 0, 
90, 11, eco1, 0, 34346, 18.9, 0.6, 58.35, 42.57, -15.78, 1.51, 0.02, 
90, 11, eco2, 1, 21854, 19.5, 0.1, 47.99, 40.32, -7.67, 1.56, 0.01, 
90, 11, eco3, 2, 6292, 19.1, -0.4, 0.21, 1.1, 0.89, 1.53, 0, 
90, 11, eco4, 3, 3541, 19.7, -0.2, 1.21, 0.86, -0.36, 1.58, 0, 
90, 11, eco5, 4, 3017, 18.7, 0.2, 44.86, 35.62, -9.24, 1.5, 0.01, 
90, 12, eco1, 0, 34346, 12.3, -4, 0.04, 1, 0.97, 0.99, 0, 
90, 12, eco2, 1, 21854, 13.3, -4.6, 0.04, 0.95, 0.91, 1.07, 0, 
90, 12, eco3, 2, 6292, 13.6, -5.1, 0.01, 0.85, 0.84, 1.1, 0, 
90, 12, eco4, 3, 3541, 13.1, -4.8, 0.26, 0.66, 0.4, 1.06, 0, 
90, 12, eco5, 4, 3017, 12.9, -4.4, 0.02, 0.84, 0.82, 1.04, 0, 
90, 1, eco1, 0, 34346, 8.8, -3.1, 0.07, 1.09, 1.02, 0.71, 0, 
90, 1, eco2, 1, 21854, 9.3, -3.6, 0.1, 1.04, 0.94, 0.75, 0, 
90, 1, eco3, 2, 6292, 9.2, -3.9, 0.04, 0.94, 0.9, 0.74, 0.01, 
90, 1, eco4, 3, 3541, 9.3, -3.7, 0.43, 0.73, 0.3, 0.75, 0.01, 
90, 1, eco5, 4, 3017, 8.9, -3.3, 0.06, 0.93, 0.87, 0.72, 0, 
90, 2, eco1, 0, 34346, 0.3, -0.5, 0.26, 1.31, 1.05, 0.03, 0.01, 
90, 2, eco2, 1, 21854, 0.5, -0.8, 0.33, 1.26, 0.93, 0.04, 0.01, 
90, 2, eco3, 2, 6292, 0.6, -1.2, 0.17, 1.13, 0.97, 0.05, 0.01, 
90, 2, eco4, 3, 3541, 0.5, -0.9, 1.03, 0.89, -0.14, 0.04, 0.01, 
90, 2, eco5, 4, 3017, 0.4, -0.6, 0.23, 1.13, 0.9, 0.04, 0.01, 
90, 3, eco1, 0, 34346, 1.1, 1.6, 66.23, 48.02, -18.21, 0.1, 0.05, 
90, 3, eco2, 1, 21854, 1.2, 1.2, 57.86, 45.79, -12.07, 0.1, 0.03, 
90, 3, eco3, 2, 6292, 1.3, 0.8, 45.45, 41.14, -4.31, 0.11, 0.03, 
90, 3, eco4, 3, 3541, 1.3, 1.1, 39.63, 32.39, -7.25, 0.11, 0.02, 
90, 3, eco5, 4, 3017, 1.3, 1.4, 54.74, 41, -13.74, 0.11, 0.03, 
90, 4, eco1, 0, 34346, 3.7, 4.2, 59.68, 50.95, -8.73, 0.3, 0.03, 
90, 4, eco2, 1, 21854, 4.7, 3.9, 62.87, 47.45, -15.42, 0.38, 0.02, 
90, 4, eco3, 2, 6292, 4.9, 3.5, 62.03, 41.51, -20.53, 0.39, 0.02, 
90, 4, eco4, 3, 3541, 4.2, 3.9, 49.6, 33.83, -15.77, 0.34, 0.02, 
90, 4, eco5, 4, 3017, 4.2, 4.1, 55.71, 41.07, -14.64, 0.34, 0.01, 
90, 5, eco1, 0, 34346, 2.4, 6.6, 49.16, 53.11, 3.95, 0.2, 0.01, 
90, 5, eco2, 1, 21854, 2.6, 6.3, 50.08, 58.33, 8.25, 0.21, 0, 
90, 5, eco3, 2, 6292, 2.6, 6, 50.86, 52.54, 1.68, 0.22, 0.01, 
90, 5, eco4, 3, 3541, 2.7, 6.3, 43.79, 39.99, -3.8, 0.22, 0, 
90, 5, eco5, 4, 3017, 2.4, 6.5, 44.2, 50.58, 6.38, 0.2, 0, 
90, 6, eco1, 0, 34346, 1.7, 11.6, 41.17, 31.88, -9.29, 0.14, 0, 
90, 6, eco2, 1, 21854, 1.9, 11.4, 45.4, 28.63, -16.77, 0.16, 0, 
90, 6, eco3, 2, 6292, 1.9, 11, 44.33, 26.1, -18.24, 0.16, 0, 
90, 6, eco4, 3, 3541, 1.8, 11.3, 40.95, 19.38, -21.57, 0.15, 0, 
90, 6, eco5, 4, 3017, 1.7, 11.5, 40.34, 36.15, -4.19, 0.14, 0, 
95, 7, eco1, 0, 34346, 1.7, 13.6, 40.02, 22.21, -17.81, 0.14, 0, 
95, 7, eco2, 1, 21854, 2.1, 13.4, 45.54, 18.34, -27.2, 0.17, 0, 
95, 7, eco3, 2, 6292, 2.2, 13, 47.23, 18.28, -28.96, 0.18, 0, 
95, 7, eco4, 3, 3541, 1.8, 13.3, 43.11, 12.23, -30.88, 0.15, 0, 
95, 7, eco5, 4, 3017, 1.9, 13.4, 41.34, 28.18, -13.16, 0.16, 0, 
95, 8, eco1, 0, 34346, 0.8, 13.1, 22.98, 11.96, -11.02, 0.07, 0, 
95, 8, eco2, 1, 21854, 0.7, 12.8, 23.88, 9.86, -14.02, 0.06, 0, 
95, 8, eco3, 2, 6292, 0.6, 12.3, 23.96, 8.83, -15.13, 0.05, 0, 
95, 8, eco4, 3, 3541, 0.7, 12.6, 22.78, 7.02, -15.76, 0.06, 0, 
95, 8, eco5, 4, 3017, 0.7, 12.8, 25.59, 13.18, -12.41, 0.06, 0, 
95, 9, eco1, 0, 34346, 0.1, 12, 12.21, 6.64, -5.57, 0.01, 0, 
95, 9, eco2, 1, 21854, 0, 11.8, 13.14, 5.84, -7.3, 0.01, 0, 
95, 9, eco3, 2, 6292, 0, 11.4, 12.52, 5.12, -7.4, 0.01, 0, 
95, 9, eco4, 3, 3541, 0.1, 11.6, 11.45, 4.08, -7.37, 0.01, 0, 
95, 9, eco5, 4, 3017, 0, 11.8, 14.41, 6.85, -7.56, 0.01, 0, 
95, 10, eco1, 0, 34346, 7.2, 6.4, 70.14, 61.49, -8.64, 0.58, 0.02, 
95, 10, eco2, 1, 21854, 7.5, 6, 66.15, 59.36, -6.79, 0.61, 0, 
95, 10, eco3, 2, 6292, 8, 5.5, 62.9, 50.78, -12.12, 0.64, 0, 
95, 10, eco4, 3, 3541, 7.8, 6, 56.09, 41.33, -14.76, 0.63, 0.01, 
95, 10, eco5, 4, 3017, 7.6, 6.1, 64.1, 52.85, -11.25, 0.62, 0.01, 
95, 11, eco1, 0, 34346, 4, -0.6, 0.24, 1.35, 1.11, 0.33, 0, 
95, 11, eco2, 1, 21854, 5.5, -0.9, 0.31, 1.27, 0.96, 0.45, 0, 
95, 11, eco3, 2, 6292, 6.7, -1.3, 0.15, 1.08, 0.93, 0.54, 0, 
95, 11, eco4, 3, 3541, 5.8, -0.9, 1.07, 0.88, -0.19, 0.47, 0, 
95, 11, eco5, 4, 3017, 5.6, -0.7, 0.21, 1.13, 0.92, 0.45, 0, 
95, 12, eco1, 0, 34346, 19.9, -1.2, 0.19, 1.33, 1.14, 1.6, 0.01, 
95, 12, eco2, 1, 21854, 21.1, -1.6, 0.25, 1.25, 1.01, 1.7, 0.02, 
95, 12, eco3, 2, 6292, 21.7, -2.1, 0.11, 1.05, 0.95, 1.74, 0.02, 
95, 12, eco4, 3, 3541, 21.3, -1.7, 0.87, 0.86, -0.01, 1.71, 0.02, 
95, 12, eco5, 4, 3017, 21.2, -1.5, 0.16, 1.1, 0.95, 1.7, 0.01, 
95, 1, eco1, 0, 34346, 13.8, -5.9, 0, 1.03, 1.03, 1.11, 0, 
95, 1, eco2, 1, 21854, 18.4, -6.6, 0, 0.95, 0.95, 1.48, 0, 
95, 1, eco3, 2, 6292, 20.9, -7.2, 0, 0.79, 0.79, 1.68, 0, 
95, 1, eco4, 3, 3541, 18, -6.7, 0.09, 0.66, 0.56, 1.44, 0, 
95, 1, eco5, 4, 3017, 17.4, -6.4, 0, 0.84, 0.84, 1.4, 0, 
95, 2, eco1, 0, 34346, 15.8, -3.6, 0.05, 1.21, 1.16, 1.27, 0.02, 
95, 2, eco2, 1, 21854, 18.3, -4, 0.07, 1.14, 1.07, 1.47, 0.03, 
95, 2, eco3, 2, 6292, 19.6, -4.6, 0.02, 0.95, 0.93, 1.58, 0.03, 
95, 2, eco4, 3, 3541, 19, -4.2, 0.37, 0.78, 0.41, 1.53, 0.03, 
95, 2, eco5, 4, 3017, 18.3, -3.9, 0.03, 1, 0.97, 1.47, 0.01, 
95, 3, eco1, 0, 34346, 8.3, -0.4, 0.26, 1.49, 1.23, 0.67, 0.03, 
95, 3, eco2, 1, 21854, 10.3, -0.8, 0.33, 1.41, 1.08, 0.83, 0.04, 
95, 3, eco3, 2, 6292, 11.6, -1.4, 0.15, 1.18, 1.03, 0.93, 0.04, 
95, 3, eco4, 3, 3541, 10.3, -1.1, 1.02, 0.96, -0.06, 0.83, 0.04, 
95, 3, eco5, 4, 3017, 10.1, -0.8, 0.21, 1.24, 1.03, 0.81, 0.04, 
95, 4, eco1, 0, 34346, 4.5, 1.9, 75.64, 55.5, -20.14, 0.37, 0.13, 
95, 4, eco2, 1, 21854, 5.4, 1.6, 65.36, 52.55, -12.81, 0.44, 0.09, 
95, 4, eco3, 2, 6292, 5.8, 1.1, 48.94, 44, -4.94, 0.47, 0.11, 
95, 4, eco4, 3, 3541, 5.5, 1.4, 44.34, 36.09, -8.25, 0.45, 0.09, 
95, 4, eco5, 4, 3017, 5.3, 1.7, 60.88, 46.41, -14.47, 0.43, 0.09, 
95, 5, eco1, 0, 34346, 5.3, 7.2, 98.29, 70.34, -27.95, 0.43, 0.1, 
95, 5, eco2, 1, 21854, 5.9, 7, 99.26, 63.73, -35.54, 0.48, 0.07, 
95, 5, eco3, 2, 6292, 6.4, 6.4, 88.97, 50.42, -38.55, 0.51, 0.07, 
95, 5, eco4, 3, 3541, 6.2, 6.8, 74.7, 42.78, -31.92, 0.5, 0.06, 
95, 5, eco5, 4, 3017, 6, 7, 91.96, 55.49, -36.47, 0.49, 0.06, 
95, 6, eco1, 0, 34346, 0.4, 10.7, 28.61, 29.31, 0.7, 0.04, 0, 
95, 6, eco2, 1, 21854, 0.3, 10.5, 41.16, 27.28, -13.88, 0.03, 0, 
95, 6, eco3, 2, 6292, 0.3, 10, 45.85, 36.89, -8.96, 0.03, 0, 
95, 6, eco4, 3, 3541, 0.4, 10.4, 41.01, 21.96, -19.05, 0.04, 0, 
95, 6, eco5, 4, 3017, 0.4, 10.5, 37.41, 42.69, 5.29, 0.04, 0, 
100, 7, eco1, 0, 34346, 0.2, 13.7, 22.89, 10.24, -12.65, 0.02, 0, 
100, 7, eco2, 1, 21854, 0.2, 13.1, 30.99, 8.95, -22.03, 0.02, 0, 
100, 7, eco3, 2, 6292, 0.2, 12.5, 30.25, 7.91, -22.35, 0.02, 0, 
100, 7, eco4, 3, 3541, 0.2, 13, 28.43, 9.4, -19.03, 0.02, 0, 
100, 7, eco5, 4, 3017, 0.2, 13.2, 27.74, 12.13, -15.62, 0.02, 0, 
100, 8, eco1, 0, 34346, 0, 14.5, 11.81, 6.29, -5.51, 0.01, 0, 
100, 8, eco2, 1, 21854, 0, 13.8, 13.96, 5.78, -8.17, 0.01, 0, 
100, 8, eco3, 2, 6292, 0, 13.3, 13.47, 4.99, -8.48, 0.01, 0, 
100, 8, eco4, 3, 3541, 0, 13.7, 13.99, 5.1, -8.88, 0.01, 0, 
100, 8, eco5, 4, 3017, 0, 14, 15.02, 6.57, -8.45, 0.01, 0, 
100, 9, eco1, 0, 34346, 1.6, 11.6, 31.98, 11.24, -20.73, 0.13, 0, 
100, 9, eco2, 1, 21854, 2, 11.3, 28.91, 13.25, -15.67, 0.16, 0, 
100, 9, eco3, 2, 6292, 2.2, 10.9, 30.35, 12.65, -17.69, 0.18, 0, 
100, 9, eco4, 3, 3541, 1.8, 11.1, 27.84, 9.65, -18.19, 0.15, 0, 
100, 9, eco5, 4, 3017, 1.8, 11.4, 28.3, 12.59, -15.71, 0.15, 0, 
100, 10, eco1, 0, 34346, 2.7, 5.5, 35.13, 25.99, -9.14, 0.22, 0, 
100, 10, eco2, 1, 21854, 3, 5.2, 38.02, 33.66, -4.36, 0.25, 0, 
100, 10, eco3, 2, 6292, 3.1, 4.8, 37.34, 31.07, -6.27, 0.26, 0, 
100, 10, eco4, 3, 3541, 3, 5.1, 34.34, 24.15, -10.19, 0.25, 0, 
100, 10, eco5, 4, 3017, 2.9, 5.4, 35.63, 29.4, -6.23, 0.24, 0, 
100, 11, eco1, 0, 34346, 8.2, 1.9, 67.93, 52.29, -15.64, 0.66, 0.01, 
100, 11, eco2, 1, 21854, 8.7, 1.4, 60.74, 47.58, -13.16, 0.7, 0, 
100, 11, eco3, 2, 6292, 8.4, 0.9, 47.3, 40.75, -6.55, 0.67, 0, 
100, 11, eco4, 3, 3541, 8.5, 1.3, 43.61, 32.7, -10.91, 0.69, 0, 
100, 11, eco5, 4, 3017, 8.1, 1.6, 56.67, 42.24, -14.43, 0.65, 0, 
100, 12, eco1, 0, 34346, 8.2, -3.5, 0.04, 1.17, 1.13, 0.66, 0, 
100, 12, eco2, 1, 21854, 9.1, -3.7, 0.08, 1.1, 1.02, 0.73, 0, 
100, 12, eco3, 2, 6292, 9.1, -3.9, 0.03, 0.96, 0.92, 0.73, 0, 
100, 12, eco4, 3, 3541, 8.5, -3.7, 0.46, 0.75, 0.29, 0.69, 0, 
100, 12, eco5, 4, 3017, 8.5, -3.4, 0.05, 0.98, 0.93, 0.68, 0, 
100, 1, eco1, 0, 34346, 41.6, -2.4, 0.09, 1.28, 1.18, 3.33, 0.01, 
100, 1, eco2, 1, 21854, 44.6, -2.9, 0.12, 1.17, 1.05, 3.57, 0.04, 
100, 1, eco3, 2, 6292, 44.9, -3.3, 0.05, 1.01, 0.96, 3.6, 0.02, 
100, 1, eco4, 3, 3541, 43.3, -3, 0.6, 0.81, 0.2, 3.47, 0.04, 
100, 1, eco5, 4, 3017, 42.5, -2.7, 0.08, 1.05, 0.97, 3.41, 0.01, 
100, 2, eco1, 0, 34346, 2, -1.5, 0.16, 1.39, 1.23, 0.17, 0.03, 
100, 2, eco2, 1, 21854, 2.3, -1.9, 0.21, 1.28, 1.07, 0.19, 0.03, 
100, 2, eco3, 2, 6292, 2.3, -2.2, 0.1, 1.11, 1.01, 0.19, 0.03, 
100, 2, eco4, 3, 3541, 2.3, -1.9, 0.84, 0.88, 0.04, 0.19, 0.03, 
100, 2, eco5, 4, 3017, 2.2, -1.6, 0.14, 1.14, 1, 0.18, 0.03, 
100, 3, eco1, 0, 34346, 1.5, 2.5, 82.93, 45.76, -37.16, 0.13, 0.05, 
100, 3, eco2, 1, 21854, 1.6, 2.2, 72.61, 41.1, -31.5, 0.14, 0.05, 
100, 3, eco3, 2, 6292, 1.6, 1.9, 57.22, 45.56, -11.66, 0.13, 0.1, 
100, 3, eco4, 3, 3541, 1.6, 2.1, 51.71, 28.77, -22.94, 0.13, 0.04, 
100, 3, eco5, 4, 3017, 1.5, 2.4, 68.97, 36.91, -32.07, 0.12, 0.04, 
100, 4, eco1, 0, 34346, 2.5, 2.7, 65.98, 49.31, -16.67, 0.2, 0.03, 
100, 4, eco2, 1, 21854, 3.3, 2.4, 65.22, 43.55, -21.68, 0.27, 0.02, 
100, 4, eco3, 2, 6292, 3.4, 2, 54.17, 36.76, -17.41, 0.28, 0.02, 
100, 4, eco4, 3, 3541, 3, 2.3, 48.24, 30.61, -17.64, 0.25, 0.02, 
100, 4, eco5, 4, 3017, 2.8, 2.6, 58.96, 38.36, -20.6, 0.23, 0.02, 
100, 5, eco1, 0, 34346, 1.4, 9.2, 42.5, 78.51, 36.01, 0.12, 0.07, 
100, 5, eco2, 1, 21854, 2.1, 8.8, 49.91, 75.45, 25.54, 0.17, 0.05, 
100, 5, eco3, 2, 6292, 2.3, 8.4, 51.17, 64.77, 13.61, 0.19, 0.06, 
100, 5, eco4, 3, 3541, 2, 8.7, 47.29, 51.76, 4.47, 0.16, 0.04, 
100, 5, eco5, 4, 3017, 1.9, 9, 43.92, 66.81, 22.89, 0.15, 0.04, 
100, 6, eco1, 0, 34346, 5.6, 10.4, 71.3, 62.45, -8.86, 0.45, 0.01, 
100, 6, eco2, 1, 21854, 6.1, 9.9, 71.2, 67.19, -4.01, 0.49, 0.01, 
100, 6, eco3, 2, 6292, 6.5, 9.5, 70.46, 57.54, -12.92, 0.53, 0.01, 
100, 6, eco4, 3, 3541, 5.8, 9.9, 62.95, 44.74, -18.21, 0.47, 0.01, 
100, 6, eco5, 4, 3017, 5.9, 10.1, 67.24, 60.45, -6.79, 0.48, 0, 
